vector,score,level
"(1, 1, 1, 1, 1)",1.0,1
"(1, 1, 1, 1, 2)",1.08,1
"(1, 2, 1, 1, 1)",1.08,1
"(1, 1, 2, 1, 1)",1.08,1
"(2, 1, 1, 1, 1)",1.08,1
"(1, 1, 1, 2, 1)",1.08,1
"(1, 3, 1, 1, 1)",1.16,1
"(3, 1, 1, 1, 1)",1.16,1
"(1, 1, 1, 3, 1)",1.16,1
"(1, 1, 3, 1, 1)",1.16,1
"(1, 1, 1, 1, 3)",1.16,1
"(2, 1, 1, 1, 2)",1.2,1
"(1, 1, 2, 1, 2)",1.2,1
"(2, 1, 1, 2, 1)",1.2,1
"(2, 1, 2, 1, 1)",1.2,1
"(1, 1, 1, 2, 2)",1.2,1
"(1, 2, 2, 1, 1)",1.2,1
"(2, 2, 1, 1, 1)",1.2,1
"(1, 2, 1, 1, 2)",1.2,1
"(1, 1, 2, 2, 1)",1.2,1
"(1, 2, 1, 2, 1)",1.2,1
"(1, 1, 1, 1, 4)",1.24,1
"(1, 1, 1, 4, 1)",1.24,1
"(1, 1, 4, 1, 1)",1.24,1
"(1, 4, 1, 1, 1)",1.24,1
"(4, 1, 1, 1, 1)",1.24,1
"(1, 2, 1, 3, 1)",1.28,1
"(1, 1, 3, 2, 1)",1.28,1
"(1, 2, 1, 1, 3)",1.28,1
"(2, 1, 1, 1, 3)",1.28,1
"(3, 1, 2, 1, 1)",1.28,1
"(1, 3, 1, 1, 2)",1.28,1
"(1, 3, 1, 2, 1)",1.28,1
"(3, 1, 1, 2, 1)",1.28,1
"(1, 1, 3, 1, 2)",1.28,1
"(1, 3, 2, 1, 1)",1.28,1
"(2, 3, 1, 1, 1)",1.28,1
"(2, 1, 3, 1, 1)",1.28,1
"(2, 1, 1, 3, 1)",1.28,1
"(1, 2, 3, 1, 1)",1.28,1
"(3, 1, 1, 1, 2)",1.28,1
"(3, 2, 1, 1, 1)",1.28,1
"(1, 1, 1, 3, 2)",1.28,1
"(1, 1, 2, 3, 1)",1.28,1
"(1, 1, 1, 2, 3)",1.28,1
"(1, 1, 2, 1, 3)",1.28,1
"(1, 1, 1, 1, 5)",1.32,1
"(5, 1, 1, 1, 1)",1.32,1
"(1, 1, 5, 1, 1)",1.32,1
"(1, 1, 1, 5, 1)",1.32,1
"(1, 5, 1, 1, 1)",1.32,1
"(1, 2, 2, 1, 2)",1.35,1
"(2, 1, 2, 2, 1)",1.35,1
"(1, 2, 2, 2, 1)",1.35,1
"(2, 2, 1, 2, 1)",1.35,1
"(1, 2, 1, 2, 2)",1.35,1
"(2, 1, 2, 1, 2)",1.35,1
"(2, 1, 1, 2, 2)",1.35,1
"(1, 1, 2, 2, 2)",1.35,1
"(2, 2, 2, 1, 1)",1.35,1
"(2, 2, 1, 1, 2)",1.35,1
"(1, 2, 1, 1, 4)",1.36,1
"(2, 1, 4, 1, 1)",1.36,1
"(1, 1, 1, 2, 4)",1.36,1
"(1, 1, 4, 1, 2)",1.36,1
"(2, 1, 1, 1, 4)",1.36,1
"(1, 4, 1, 2, 1)",1.36,1
"(1, 1, 1, 4, 2)",1.36,1
"(4, 1, 1, 2, 1)",1.36,1
"(1, 1, 4, 2, 1)",1.36,1
"(4, 1, 1, 1, 2)",1.36,1
"(1, 4, 2, 1, 1)",1.36,1
"(2, 4, 1, 1, 1)",1.36,1
"(1, 1, 2, 1, 4)",1.36,1
"(1, 2, 4, 1, 1)",1.36,1
"(2, 1, 1, 4, 1)",1.36,1
"(1, 2, 1, 4, 1)",1.36,1
"(1, 1, 2, 4, 1)",1.36,1
"(4, 1, 2, 1, 1)",1.36,1
"(4, 2, 1, 1, 1)",1.36,1
"(1, 4, 1, 1, 2)",1.36,1
"(3, 1, 1, 3, 1)",1.4,1
"(1, 3, 3, 1, 1)",1.4,1
"(3, 1, 1, 1, 3)",1.4,1
"(1, 3, 1, 1, 3)",1.4,1
"(1, 1, 3, 1, 3)",1.4,1
"(1, 1, 1, 3, 3)",1.4,1
"(3, 1, 3, 1, 1)",1.4,1
"(1, 3, 1, 3, 1)",1.4,1
"(3, 3, 1, 1, 1)",1.4,1
"(1, 1, 3, 3, 1)",1.4,1
"(2, 2, 1, 3, 1)",1.43,1
"(1, 2, 2, 1, 3)",1.43,1
"(3, 1, 2, 1, 2)",1.43,1
"(1, 2, 1, 3, 2)",1.43,1
"(1, 1, 2, 3, 2)",1.43,1
"(1, 1, 2, 2, 3)",1.43,1
"(2, 1, 2, 3, 1)",1.43,1
"(1, 2, 2, 3, 1)",1.43,1
"(1, 2, 1, 2, 3)",1.43,1
"(2, 3, 1, 2, 1)",1.43,1
"(2, 3, 2, 1, 1)",1.43,1
"(3, 1, 2, 2, 1)",1.43,1
"(2, 1, 3, 1, 2)",1.43,1
"(1, 3, 2, 1, 2)",1.43,1
"(2, 1, 1, 2, 3)",1.43,1
"(2, 1, 1, 3, 2)",1.43,1
"(1, 3, 2, 2, 1)",1.43,1
"(3, 2, 2, 1, 1)",1.43,1
"(1, 1, 3, 2, 2)",1.43,1
"(3, 1, 1, 2, 2)",1.43,1
"(2, 2, 1, 1, 3)",1.43,1
"(3, 2, 1, 2, 1)",1.43,1
"(1, 3, 1, 2, 2)",1.43,1
"(3, 2, 1, 1, 2)",1.43,1
"(2, 2, 3, 1, 1)",1.43,1
"(1, 2, 3, 2, 1)",1.43,1
"(2, 1, 2, 1, 3)",1.43,1
"(2, 1, 3, 2, 1)",1.43,1
"(1, 2, 3, 1, 2)",1.43,1
"(2, 3, 1, 1, 2)",1.43,1
"(2, 5, 1, 1, 1)",1.44,1
"(1, 1, 2, 5, 1)",1.44,1
"(1, 5, 1, 1, 2)",1.44,1
"(1, 1, 5, 1, 2)",1.44,1
"(1, 5, 1, 2, 1)",1.44,1
"(1, 1, 1, 5, 2)",1.44,1
"(1, 1, 2, 1, 5)",1.44,1
"(5, 1, 2, 1, 1)",1.44,1
"(1, 5, 2, 1, 1)",1.44,1
"(2, 1, 1, 5, 1)",1.44,1
"(2, 1, 5, 1, 1)",1.44,1
"(1, 2, 1, 1, 5)",1.44,1
"(5, 1, 1, 2, 1)",1.44,1
"(1, 1, 5, 2, 1)",1.44,1
"(1, 2, 5, 1, 1)",1.44,1
"(1, 2, 1, 5, 1)",1.44,1
"(5, 1, 1, 1, 2)",1.44,1
"(2, 1, 1, 1, 5)",1.44,1
"(5, 2, 1, 1, 1)",1.44,1
"(1, 1, 1, 2, 5)",1.44,1
"(4, 1, 1, 3, 1)",1.48,1
"(4, 1, 1, 1, 3)",1.48,1
"(3, 4, 1, 1, 1)",1.48,1
"(3, 1, 4, 1, 1)",1.48,1
"(1, 3, 4, 1, 1)",1.48,1
"(1, 1, 1, 4, 3)",1.48,1
"(1, 4, 1, 1, 3)",1.48,1
"(3, 1, 1, 4, 1)",1.48,1
"(1, 1, 4, 3, 1)",1.48,1
"(4, 3, 1, 1, 1)",1.48,1
"(1, 3, 1, 1, 4)",1.48,1
"(1, 1, 3, 4, 1)",1.48,1
"(1, 4, 3, 1, 1)",1.48,1
"(1, 1, 4, 1, 3)",1.48,1
"(1, 4, 1, 3, 1)",1.48,1
"(1, 3, 1, 4, 1)",1.48,1
"(4, 1, 3, 1, 1)",1.48,1
"(1, 1, 3, 1, 4)",1.48,1
"(1, 1, 1, 3, 4)",1.48,1
"(3, 1, 1, 1, 4)",1.48,1
"(1, 4, 2, 1, 2)",1.51,1
"(2, 4, 1, 1, 2)",1.51,1
"(1, 4, 2, 2, 1)",1.51,1
"(2, 1, 4, 1, 2)",1.51,1
"(4, 1, 2, 1, 2)",1.51,1
"(1, 1, 4, 2, 2)",1.51,1
"(2, 1, 4, 2, 1)",1.51,1
"(2, 4, 1, 2, 1)",1.51,1
"(2, 2, 1, 1, 4)",1.51,1
"(2, 2, 1, 4, 1)",1.51,1
"(1, 2, 4, 1, 2)",1.51,1
"(2, 2, 4, 1, 1)",1.51,1
"(2, 4, 2, 1, 1)",1.51,1
"(2, 1, 1, 2, 4)",1.51,1
"(1, 1, 2, 4, 2)",1.51,1
"(4, 1, 2, 2, 1)",1.51,1
"(1, 2, 1, 4, 2)",1.51,1
"(1, 2, 2, 1, 4)",1.51,1
"(2, 1, 2, 1, 4)",1.51,1
"(1, 2, 1, 2, 4)",1.51,1
"(4, 2, 1, 1, 2)",1.51,1
"(1, 4, 1, 2, 2)",1.51,1
"(2, 1, 2, 4, 1)",1.51,1
"(4, 2, 1, 2, 1)",1.51,1
"(1, 1, 2, 2, 4)",1.51,1
"(1, 2, 2, 4, 1)",1.51,1
"(2, 1, 1, 4, 2)",1.51,1
"(4, 2, 2, 1, 1)",1.51,1
"(1, 2, 4, 2, 1)",1.51,1
"(4, 1, 1, 2, 2)",1.51,1
"(2, 3, 3, 1, 1)",1.55,1
"(1, 3, 1, 2, 3)",1.55,1
"(2, 3, 1, 1, 3)",1.55,1
"(1, 3, 1, 3, 2)",1.55,1
"(3, 2, 1, 3, 1)",1.55,1
"(3, 1, 3, 2, 1)",1.55,1
"(3, 1, 1, 2, 3)",1.55,1
"(3, 1, 3, 1, 2)",1.55,1
"(3, 2, 1, 1, 3)",1.55,1
"(1, 3, 3, 2, 1)",1.55,1
"(3, 1, 2, 3, 1)",1.55,1
"(3, 1, 1, 3, 2)",1.55,1
"(2, 3, 1, 3, 1)",1.55,1
"(1, 3, 3, 1, 2)",1.55,1
"(1, 3, 2, 3, 1)",1.55,1
"(3, 1, 2, 1, 3)",1.55,1
"(3, 2, 3, 1, 1)",1.55,1
"(1, 1, 3, 2, 3)",1.55,1
"(1, 1, 3, 3, 2)",1.55,1
"(1, 1, 2, 3, 3)",1.55,1
"(1, 2, 1, 3, 3)",1.55,1
"(1, 3, 2, 1, 3)",1.55,1
"(2, 1, 3, 1, 3)",1.55,1
"(1, 2, 3, 1, 3)",1.55,1
"(2, 1, 3, 3, 1)",1.55,1
"(1, 2, 3, 3, 1)",1.55,1
"(2, 1, 1, 3, 3)",1.55,1
"(3, 3, 1, 2, 1)",1.55,1
"(3, 3, 2, 1, 1)",1.55,1
"(3, 3, 1, 1, 2)",1.55,1
"(1, 1, 3, 5, 1)",1.56,1
"(1, 3, 1, 1, 5)",1.56,1
"(1, 1, 1, 5, 3)",1.56,1
"(5, 3, 1, 1, 1)",1.56,1
"(1, 5, 3, 1, 1)",1.56,1
"(1, 1, 5, 1, 3)",1.56,1
"(3, 1, 1, 5, 1)",1.56,1
"(5, 1, 1, 3, 1)",1.56,1
"(1, 1, 5, 3, 1)",1.56,1
"(1, 5, 1, 3, 1)",1.56,1
"(1, 3, 5, 1, 1)",1.56,1
"(5, 1, 1, 1, 3)",1.56,1
"(3, 5, 1, 1, 1)",1.56,1
"(1, 1, 3, 1, 5)",1.56,1
"(3, 1, 5, 1, 1)",1.56,1
"(3, 1, 1, 1, 5)",1.56,1
"(5, 1, 3, 1, 1)",1.56,1
"(1, 5, 1, 1, 3)",1.56,1
"(1, 1, 1, 3, 5)",1.56,1
"(1, 3, 1, 5, 1)",1.56,1
"(2, 5, 2, 1, 1)",1.59,1
"(1, 1, 2, 5, 2)",1.59,1
"(5, 1, 2, 2, 1)",1.59,1
"(1, 5, 1, 2, 2)",1.59,1
"(2, 5, 1, 1, 2)",1.59,1
"(1, 5, 2, 1, 2)",1.59,1
"(2, 2, 1, 5, 1)",1.59,1
"(5, 1, 2, 1, 2)",1.59,1
"(2, 2, 1, 1, 5)",1.59,1
"(2, 5, 1, 2, 1)",1.59,1
"(1, 5, 2, 2, 1)",1.59,1
"(5, 2, 2, 1, 1)",1.59,1
"(5, 2, 1, 1, 2)",1.59,1
"(2, 2, 5, 1, 1)",1.59,1
"(2, 1, 5, 2, 1)",1.59,1
"(1, 2, 2, 5, 1)",1.59,1
"(1, 2, 5, 1, 2)",1.59,1
"(2, 1, 2, 5, 1)",1.59,1
"(1, 2, 5, 2, 1)",1.59,1
"(2, 1, 2, 1, 5)",1.59,1
"(1, 2, 2, 1, 5)",1.59,1
"(5, 1, 1, 2, 2)",1.59,1
"(1, 2, 1, 5, 2)",1.59,1
"(1, 1, 2, 2, 5)",1.59,1
"(2, 1, 1, 5, 2)",1.59,1
"(1, 1, 5, 2, 2)",1.59,1
"(2, 1, 1, 2, 5)",1.59,1
"(2, 1, 5, 1, 2)",1.59,1
"(5, 2, 1, 2, 1)",1.59,1
"(1, 2, 1, 2, 5)",1.59,1
"(1, 4, 1, 1, 4)",1.6,1
"(1, 4, 1, 4, 1)",1.6,1
"(2, 2, 2, 1, 2)",1.6,1
"(2, 2, 1, 2, 2)",1.6,1
"(2, 2, 2, 2, 1)",1.6,1
"(2, 1, 2, 2, 2)",1.6,1
"(1, 4, 4, 1, 1)",1.6,1
"(4, 4, 1, 1, 1)",1.6,1
"(4, 1, 4, 1, 1)",1.6,1
"(1, 2, 2, 2, 2)",1.6,1
"(4, 1, 1, 4, 1)",1.6,1
"(1, 1, 4, 1, 4)",1.6,1
"(4, 1, 1, 1, 4)",1.6,1
"(1, 1, 4, 4, 1)",1.6,1
"(1, 1, 1, 4, 4)",1.6,1
"(4, 1, 2, 3, 1)",1.63,1
"(4, 1, 2, 1, 3)",1.63,1
"(4, 1, 1, 3, 2)",1.63,1
"(4, 1, 1, 2, 3)",1.63,1
"(2, 1, 3, 1, 4)",1.63,1
"(1, 3, 2, 1, 4)",1.63,1
"(1, 2, 1, 4, 3)",1.63,1
"(2, 1, 4, 1, 3)",1.63,1
"(3, 4, 2, 1, 1)",1.63,1
"(2, 1, 4, 3, 1)",1.63,1
"(3, 4, 1, 2, 1)",1.63,1
"(3, 4, 1, 1, 2)",1.63,1
"(1, 2, 3, 4, 1)",1.63,1
"(3, 2, 4, 1, 1)",1.63,1
"(1, 2, 4, 1, 3)",1.63,1
"(1, 3, 4, 2, 1)",1.63,1
"(2, 1, 3, 4, 1)",1.63,1
"(1, 2, 1, 3, 4)",1.63,1
"(4, 1, 3, 2, 1)",1.63,1
"(3, 2, 1, 4, 1)",1.63,1
"(1, 4, 3, 2, 1)",1.63,1
"(1, 1, 2, 3, 4)",1.63,1
"(1, 4, 3, 1, 2)",1.63,1
"(1, 1, 3, 2, 4)",1.63,1
"(1, 1, 3, 4, 2)",1.63,1
"(1, 4, 2, 3, 1)",1.63,1
"(1, 1, 4, 2, 3)",1.63,1
"(1, 1, 4, 3, 2)",1.63,1
"(1, 4, 2, 1, 3)",1.63,1
"(4, 3, 2, 1, 1)",1.63,1
"(2, 1, 1, 3, 4)",1.63,1
"(4, 3, 1, 2, 1)",1.63,1
"(4, 3, 1, 1, 2)",1.63,1
"(2, 1, 1, 4, 3)",1.63,1
"(4, 2, 3, 1, 1)",1.63,1
"(1, 4, 1, 3, 2)",1.63,1
"(4, 2, 1, 3, 1)",1.63,1
"(1, 4, 1, 2, 3)",1.63,1
"(4, 2, 1, 1, 3)",1.63,1
"(4, 1, 3, 1, 2)",1.63,1
"(1, 2, 4, 3, 1)",1.63,1
"(1, 2, 3, 1, 4)",1.63,1
"(1, 3, 4, 1, 2)",1.63,1
"(1, 3, 1, 4, 2)",1.63,1
"(3, 1, 1, 2, 4)",1.63,1
"(1, 3, 1, 2, 4)",1.63,1
"(2, 4, 3, 1, 1)",1.63,1
"(1, 3, 2, 4, 1)",1.63,1
"(2, 4, 1, 3, 1)",1.63,1
"(2, 4, 1, 1, 3)",1.63,1
"(2, 3, 4, 1, 1)",1.63,1
"(3, 1, 1, 4, 2)",1.63,1
"(3, 1, 2, 1, 4)",1.63,1
"(2, 3, 1, 4, 1)",1.63,1
"(3, 1, 2, 4, 1)",1.63,1
"(2, 3, 1, 1, 4)",1.63,1
"(3, 1, 4, 1, 2)",1.63,1
"(3, 1, 4, 2, 1)",1.63,1
"(1, 1, 2, 4, 3)",1.63,1
"(3, 2, 1, 1, 4)",1.63,1
"(2, 2, 3, 1, 2)",1.68,1
"(1, 4, 1, 1, 5)",1.68,1
"(4, 1, 5, 1, 1)",1.68,1
"(3, 2, 1, 2, 2)",1.68,1
"(2, 2, 2, 3, 1)",1.68,1
"(1, 1, 5, 4, 1)",1.68,1
"(3, 2, 2, 2, 1)",1.68,1
"(5, 1, 4, 1, 1)",1.68,1
"(2, 2, 1, 2, 3)",1.68,1
"(1, 4, 1, 5, 1)",1.68,1
"(1, 1, 5, 1, 4)",1.68,1
"(3, 2, 2, 1, 2)",1.68,1
"(1, 1, 4, 5, 1)",1.68,1
"(1, 1, 1, 5, 4)",1.68,1
"(4, 5, 1, 1, 1)",1.68,1
"(2, 2, 1, 3, 2)",1.68,1
"(2, 2, 2, 1, 3)",1.68,1
"(1, 1, 4, 1, 5)",1.68,1
"(5, 1, 1, 1, 4)",1.68,1
"(1, 5, 4, 1, 1)",1.68,1
"(5, 1, 1, 4, 1)",1.68,1
"(1, 5, 1, 4, 1)",1.68,1
"(1, 3, 2, 2, 2)",1.68,1
"(1, 1, 1, 4, 5)",1.68,1
"(1, 5, 1, 1, 4)",1.68,1
"(2, 3, 2, 1, 2)",1.68,1
"(3, 1, 2, 2, 2)",1.68,1
"(2, 3, 2, 2, 1)",1.68,1
"(1, 2, 3, 2, 2)",1.68,1
"(2, 1, 2, 3, 2)",1.68,1
"(1, 2, 2, 3, 2)",1.68,1
"(2, 1, 2, 2, 3)",1.68,1
"(2, 2, 3, 2, 1)",1.68,1
"(4, 1, 1, 1, 5)",1.68,1
"(1, 4, 5, 1, 1)",1.68,1
"(2, 3, 1, 2, 2)",1.68,1
"(1, 2, 2, 2, 3)",1.68,1
"(5, 4, 1, 1, 1)",1.68,1
"(2, 1, 3, 2, 2)",1.68,1
"(4, 1, 1, 5, 1)",1.68,1
"(3, 1, 3, 3, 1)",1.7,1
"(1, 3, 1, 3, 3)",1.7,1
"(3, 3, 3, 1, 1)",1.7,1
"(1, 1, 3, 3, 3)",1.7,1
"(1, 3, 3, 3, 1)",1.7,1
"(3, 3, 1, 1, 3)",1.7,1
"(1, 3, 3, 1, 3)",1.7,1
"(3, 3, 1, 3, 1)",1.7,1
"(3, 1, 1, 3, 3)",1.7,1
"(3, 1, 3, 1, 3)",1.7,1
"(2, 5, 1, 3, 1)",1.71,1
"(5, 1, 3, 1, 2)",1.71,1
"(1, 5, 3, 1, 2)",1.71,1
"(5, 1, 1, 2, 3)",1.71,1
"(1, 5, 2, 3, 1)",1.71,1
"(5, 1, 1, 3, 2)",1.71,1
"(1, 5, 2, 1, 3)",1.71,1
"(3, 1, 5, 1, 2)",1.71,1
"(3, 2, 1, 1, 5)",1.71,1
"(3, 1, 5, 2, 1)",1.71,1
"(5, 1, 2, 3, 1)",1.71,1
"(5, 1, 2, 1, 3)",1.71,1
"(2, 5, 3, 1, 1)",1.71,1
"(1, 5, 1, 3, 2)",1.71,1
"(5, 1, 3, 2, 1)",1.71,1
"(1, 5, 3, 2, 1)",1.71,1
"(1, 5, 1, 2, 3)",1.71,1
"(3, 5, 1, 2, 1)",1.71,1
"(2, 5, 1, 1, 3)",1.71,1
"(3, 1, 2, 1, 5)",1.71,1
"(3, 2, 5, 1, 1)",1.71,1
"(3, 1, 1, 5, 2)",1.71,1
"(2, 1, 1, 5, 3)",1.71,1
"(2, 3, 5, 1, 1)",1.71,1
"(5, 3, 2, 1, 1)",1.71,1
"(2, 1, 5, 1, 3)",1.71,1
"(2, 1, 1, 3, 5)",1.71,1
"(2, 3, 1, 1, 5)",1.71,1
"(3, 5, 1, 1, 2)",1.71,1
"(5, 3, 1, 2, 1)",1.71,1
"(5, 3, 1, 1, 2)",1.71,1
"(5, 2, 3, 1, 1)",1.71,1
"(2, 1, 3, 1, 5)",1.71,1
"(5, 2, 1, 3, 1)",1.71,1
"(2, 3, 1, 5, 1)",1.71,1
"(5, 2, 1, 1, 3)",1.71,1
"(3, 2, 1, 5, 1)",1.71,1
"(2, 1, 5, 3, 1)",1.71,1
"(2, 1, 3, 5, 1)",1.71,1
"(3, 5, 2, 1, 1)",1.71,1
"(3, 1, 1, 2, 5)",1.71,1
"(3, 1, 2, 5, 1)",1.71,1
"(1, 2, 3, 5, 1)",1.71,1
"(1, 2, 5, 3, 1)",1.71,1
"(1, 2, 1, 5, 3)",1.71,1
"(1, 1, 5, 2, 3)",1.71,1
"(1, 3, 5, 1, 2)",1.71,1
"(1, 3, 1, 5, 2)",1.71,1
"(1, 2, 1, 3, 5)",1.71,1
"(1, 3, 2, 5, 1)",1.71,1
"(1, 1, 3, 5, 2)",1.71,1
"(1, 1, 2, 5, 3)",1.71,1
"(1, 3, 5, 2, 1)",1.71,1
"(1, 1, 5, 3, 2)",1.71,1
"(1, 1, 2, 3, 5)",1.71,1
"(1, 1, 3, 2, 5)",1.71,1
"(1, 3, 1, 2, 5)",1.71,1
"(1, 2, 5, 1, 3)",1.71,1
"(1, 2, 3, 1, 5)",1.71,1
"(1, 3, 2, 1, 5)",1.71,1
"(2, 1, 4, 1, 4)",1.75,1
"(4, 1, 4, 1, 2)",1.75,1
"(1, 4, 2, 1, 4)",1.75,1
"(2, 1, 4, 4, 1)",1.75,1
"(4, 1, 2, 1, 4)",1.75,1
"(1, 2, 4, 4, 1)",1.75,1
"(2, 1, 1, 4, 4)",1.75,1
"(1, 4, 1, 2, 4)",1.75,1
"(4, 2, 4, 1, 1)",1.75,1
"(1, 2, 4, 1, 4)",1.75,1
"(1, 4, 1, 4, 2)",1.75,1
"(1, 1, 2, 4, 4)",1.75,1
"(4, 4, 1, 1, 2)",1.75,1
"(2, 4, 1, 1, 4)",1.75,1
"(4, 1, 1, 2, 4)",1.75,1
"(1, 4, 4, 1, 2)",1.75,1
"(1, 2, 1, 4, 4)",1.75,1
"(4, 2, 1, 4, 1)",1.75,1
"(1, 4, 4, 2, 1)",1.75,1
"(1, 4, 2, 4, 1)",1.75,1
"(4, 4, 1, 2, 1)",1.75,1
"(4, 1, 2, 4, 1)",1.75,1
"(2, 4, 1, 4, 1)",1.75,1
"(4, 1, 1, 4, 2)",1.75,1
"(1, 1, 4, 2, 4)",1.75,1
"(1, 1, 4, 4, 2)",1.75,1
"(2, 4, 4, 1, 1)",1.75,1
"(4, 4, 2, 1, 1)",1.75,1
"(4, 1, 4, 2, 1)",1.75,1
"(4, 2, 1, 1, 4)",1.75,1
"(2, 4, 2, 1, 2)",1.76,1
"(2, 1, 2, 4, 2)",1.76,1
"(2, 1, 2, 2, 4)",1.76,1
"(2, 4, 1, 2, 2)",1.76,1
"(1, 4, 2, 2, 2)",1.76,1
"(1, 2, 4, 2, 2)",1.76,1
"(1, 2, 2, 2, 4)",1.76,1
"(2, 4, 2, 2, 1)",1.76,1
"(2, 2, 4, 1, 2)",1.76,1
"(4, 2, 2, 1, 2)",1.76,1
"(4, 2, 2, 2, 1)",1.76,1
"(2, 2, 4, 2, 1)",1.76,1
"(2, 1, 4, 2, 2)",1.76,1
"(2, 2, 2, 4, 1)",1.76,1
"(4, 2, 1, 2, 2)",1.76,1
"(2, 2, 2, 1, 4)",1.76,1
"(4, 1, 2, 2, 2)",1.76,1
"(1, 2, 2, 4, 2)",1.76,1
"(2, 2, 1, 2, 4)",1.76,1
"(2, 2, 1, 4, 2)",1.76,1
"(3, 1, 3, 4, 1)",1.78,1
"(4, 1, 3, 1, 3)",1.78,1
"(3, 3, 4, 1, 1)",1.78,1
"(3, 4, 1, 1, 3)",1.78,1
"(4, 3, 1, 3, 1)",1.78,1
"(1, 1, 3, 4, 3)",1.78,1
"(3, 1, 4, 3, 1)",1.78,1
"(1, 3, 1, 3, 4)",1.78,1
"(3, 3, 1, 4, 1)",1.78,1
"(1, 3, 1, 4, 3)",1.78,1
"(4, 3, 1, 1, 3)",1.78,1
"(3, 1, 3, 1, 4)",1.78,1
"(4, 3, 3, 1, 1)",1.78,1
"(1, 3, 3, 4, 1)",1.78,1
"(3, 1, 4, 1, 3)",1.78,1
"(1, 4, 3, 3, 1)",1.78,1
"(3, 1, 1, 4, 3)",1.78,1
"(1, 3, 3, 1, 4)",1.78,1
"(1, 4, 3, 1, 3)",1.78,1
"(4, 1, 3, 3, 1)",1.78,1
"(3, 4, 1, 3, 1)",1.78,1
"(1, 3, 4, 3, 1)",1.78,1
"(1, 4, 1, 3, 3)",1.78,1
"(3, 4, 3, 1, 1)",1.78,1
"(1, 1, 3, 3, 4)",1.78,1
"(1, 3, 4, 1, 3)",1.78,1
"(1, 1, 4, 3, 3)",1.78,1
"(3, 1, 1, 3, 4)",1.78,1
"(3, 3, 1, 1, 4)",1.78,1
"(4, 1, 1, 3, 3)",1.78,1
"(1, 1, 5, 1, 5)",1.8,1
"(5, 1, 1, 5, 1)",1.8,1
"(1, 2, 2, 3, 3)",1.8,1
"(2, 3, 1, 3, 2)",1.8,1
"(2, 2, 3, 3, 1)",1.8,1
"(2, 3, 1, 2, 3)",1.8,1
"(3, 2, 2, 1, 3)",1.8,1
"(1, 3, 3, 2, 2)",1.8,1
"(3, 2, 2, 3, 1)",1.8,1
"(2, 3, 2, 1, 3)",1.8,1
"(2, 3, 2, 3, 1)",1.8,1
"(2, 1, 3, 2, 3)",1.8,1
"(2, 1, 3, 3, 2)",1.8,1
"(3, 2, 1, 3, 2)",1.8,1
"(3, 3, 2, 1, 2)",1.8,1
"(3, 2, 1, 2, 3)",1.8,1
"(3, 3, 1, 2, 2)",1.8,1
"(2, 3, 3, 1, 2)",1.8,1
"(2, 3, 3, 2, 1)",1.8,1
"(3, 2, 3, 1, 2)",1.8,1
"(3, 2, 3, 2, 1)",1.8,1
"(5, 1, 5, 1, 1)",1.8,1
"(5, 1, 1, 1, 5)",1.8,1
"(3, 3, 2, 2, 1)",1.8,1
"(2, 2, 3, 1, 3)",1.8,1
"(2, 1, 2, 3, 3)",1.8,1
"(1, 5, 5, 1, 1)",1.8,1
"(2, 2, 1, 3, 3)",1.8,1
"(5, 5, 1, 1, 1)",1.8,1
"(1, 3, 2, 2, 3)",1.8,1
"(1, 2, 3, 3, 2)",1.8,1
"(1, 2, 3, 2, 3)",1.8,1
"(1, 1, 1, 5, 5)",1.8,1
"(3, 1, 2, 3, 2)",1.8,1
"(1, 5, 1, 1, 5)",1.8,1
"(1, 5, 1, 5, 1)",1.8,1
"(1, 3, 2, 3, 2)",1.8,1
"(1, 1, 5, 5, 1)",1.8,1
"(3, 1, 3, 2, 2)",1.8,1
"(3, 1, 2, 2, 3)",1.8,1
"(1, 2, 1, 5, 4)",1.83,1
"(5, 4, 1, 1, 2)",1.83,1
"(1, 4, 1, 5, 2)",1.83,1
"(4, 1, 1, 5, 2)",1.83,1
"(2, 5, 1, 4, 1)",1.83,1
"(5, 1, 1, 2, 4)",1.83,1
"(2, 4, 5, 1, 1)",1.83,1
"(5, 2, 1, 1, 4)",1.83,1
"(4, 5, 1, 2, 1)",1.83,1
"(4, 1, 2, 1, 5)",1.83,1
"(5, 4, 2, 1, 1)",1.83,1
"(2, 1, 4, 1, 5)",1.83,1
"(1, 4, 1, 2, 5)",1.83,1
"(5, 1, 2, 4, 1)",1.83,1
"(5, 4, 1, 2, 1)",1.83,1
"(1, 5, 1, 4, 2)",1.83,1
"(1, 1, 5, 2, 4)",1.83,1
"(1, 1, 4, 2, 5)",1.83,1
"(2, 1, 1, 4, 5)",1.83,1
"(1, 5, 2, 1, 4)",1.83,1
"(1, 4, 2, 5, 1)",1.83,1
"(1, 4, 2, 1, 5)",1.83,1
"(1, 4, 5, 2, 1)",1.83,1
"(1, 4, 5, 1, 2)",1.83,1
"(5, 2, 4, 1, 1)",1.83,1
"(4, 5, 1, 1, 2)",1.83,1
"(1, 2, 4, 5, 1)",1.83,1
"(2, 1, 4, 5, 1)",1.83,1
"(4, 5, 2, 1, 1)",1.83,1
"(1, 1, 2, 4, 5)",1.83,1
"(2, 4, 1, 5, 1)",1.83,1
"(1, 1, 2, 5, 4)",1.83,1
"(4, 1, 5, 2, 1)",1.83,1
"(5, 1, 2, 1, 4)",1.83,1
"(2, 5, 4, 1, 1)",1.83,1
"(1, 2, 5, 1, 4)",1.83,1
"(1, 5, 4, 1, 2)",1.83,1
"(4, 2, 1, 1, 5)",1.83,1
"(5, 2, 1, 4, 1)",1.83,1
"(4, 1, 5, 1, 2)",1.83,1
"(1, 5, 4, 2, 1)",1.83,1
"(2, 4, 1, 1, 5)",1.83,1
"(4, 1, 2, 5, 1)",1.83,1
"(5, 1, 4, 2, 1)",1.83,1
"(2, 5, 1, 1, 4)",1.83,1
"(2, 1, 5, 4, 1)",1.83,1
"(1, 5, 2, 4, 1)",1.83,1
"(4, 2, 5, 1, 1)",1.83,1
"(2, 1, 1, 5, 4)",1.83,1
"(5, 1, 4, 1, 2)",1.83,2
"(4, 2, 1, 5, 1)",1.83,2
"(1, 1, 4, 5, 2)",1.83,2
"(4, 1, 1, 2, 5)",1.83,2
"(2, 1, 5, 1, 4)",1.83,2
"(5, 1, 1, 4, 2)",1.83,2
"(1, 2, 1, 4, 5)",1.83,2
"(1, 5, 1, 2, 4)",1.83,2
"(1, 1, 5, 4, 2)",1.83,2
"(1, 2, 4, 1, 5)",1.83,2
"(1, 2, 5, 4, 1)",1.83,2
"(2, 5, 1, 2, 2)",1.84,2
"(2, 1, 2, 5, 2)",1.84,2
"(2, 1, 2, 2, 5)",1.84,2
"(2, 5, 2, 1, 2)",1.84,2
"(2, 2, 5, 2, 1)",1.84,2
"(5, 1, 2, 2, 2)",1.84,2
"(2, 2, 1, 2, 5)",1.84,2
"(1, 2, 2, 5, 2)",1.84,2
"(2, 2, 1, 5, 2)",1.84,2
"(2, 2, 2, 1, 5)",1.84,2
"(2, 2, 2, 5, 1)",1.84,2
"(5, 2, 2, 1, 2)",1.84,2
"(5, 2, 1, 2, 2)",1.84,2
"(2, 1, 5, 2, 2)",1.84,2
"(1, 2, 5, 2, 2)",1.84,2
"(2, 5, 2, 2, 1)",1.84,2
"(1, 5, 2, 2, 2)",1.84,2
"(5, 2, 2, 2, 1)",1.84,2
"(2, 2, 5, 1, 2)",1.84,2
"(1, 2, 2, 2, 5)",1.84,2
"(1, 3, 1, 5, 3)",1.8599999999999999,2
"(1, 3, 3, 5, 1)",1.8599999999999999,2
"(1, 3, 5, 3, 1)",1.8599999999999999,2
"(5, 1, 3, 3, 1)",1.8599999999999999,2
"(5, 3, 3, 1, 1)",1.8599999999999999,2
"(1, 3, 5, 1, 3)",1.8599999999999999,2
"(3, 3, 1, 1, 5)",1.8599999999999999,2
"(1, 3, 1, 3, 5)",1.8599999999999999,2
"(5, 1, 3, 1, 3)",1.8599999999999999,2
"(3, 3, 5, 1, 1)",1.8599999999999999,2
"(1, 5, 3, 3, 1)",1.8599999999999999,2
"(3, 1, 5, 3, 1)",1.8599999999999999,2
"(5, 3, 1, 1, 3)",1.8599999999999999,2
"(3, 5, 1, 1, 3)",1.8599999999999999,2
"(1, 1, 5, 3, 3)",1.8599999999999999,2
"(1, 1, 3, 3, 5)",1.8599999999999999,2
"(1, 5, 1, 3, 3)",1.8599999999999999,2
"(3, 1, 1, 5, 3)",1.8599999999999999,2
"(3, 1, 3, 1, 5)",1.8599999999999999,2
"(1, 1, 3, 5, 3)",1.8599999999999999,2
"(3, 5, 1, 3, 1)",1.8599999999999999,2
"(1, 5, 3, 1, 3)",1.8599999999999999,2
"(5, 1, 1, 3, 3)",1.8599999999999999,2
"(3, 3, 1, 5, 1)",1.8599999999999999,2
"(3, 1, 5, 1, 3)",1.8599999999999999,2
"(5, 3, 1, 3, 1)",1.8599999999999999,2
"(1, 3, 3, 1, 5)",1.8599999999999999,2
"(3, 1, 3, 5, 1)",1.8599999999999999,2
"(3, 1, 1, 3, 5)",1.8599999999999999,2
"(3, 5, 3, 1, 1)",1.8599999999999999,2
"(2, 4, 3, 2, 1)",1.88,2
"(4, 2, 2, 1, 3)",1.88,2
"(2, 2, 1, 3, 4)",1.88,2
"(1, 2, 3, 2, 4)",1.88,2
"(4, 2, 1, 3, 2)",1.88,2
"(2, 2, 3, 1, 4)",1.88,2
"(2, 2, 3, 4, 1)",1.88,2
"(2, 2, 4, 1, 3)",1.88,2
"(2, 4, 3, 1, 2)",1.88,2
"(3, 1, 4, 2, 2)",1.88,2
"(2, 1, 2, 4, 3)",1.88,2
"(1, 2, 2, 3, 4)",1.88,2
"(1, 3, 4, 2, 2)",1.88,2
"(2, 4, 2, 3, 1)",1.88,2
"(2, 4, 1, 3, 2)",1.88,2
"(2, 2, 1, 4, 3)",1.88,2
"(1, 2, 2, 4, 3)",1.88,2
"(1, 3, 2, 4, 2)",1.88,2
"(4, 3, 2, 1, 2)",1.88,2
"(2, 4, 1, 2, 3)",1.88,2
"(1, 2, 3, 4, 2)",1.88,2
"(3, 4, 1, 2, 2)",1.88,2
"(4, 2, 2, 3, 1)",1.88,2
"(3, 2, 4, 2, 1)",1.88,2
"(4, 2, 1, 2, 3)",1.88,2
"(3, 2, 4, 1, 2)",1.88,2
"(4, 3, 2, 2, 1)",1.88,2
"(4, 1, 3, 2, 2)",1.88,2
"(4, 2, 3, 2, 1)",1.88,2
"(1, 4, 2, 2, 3)",1.88,2
"(3, 2, 2, 4, 1)",1.88,2
"(2, 3, 2, 4, 1)",1.88,2
"(1, 2, 4, 3, 2)",1.88,2
"(2, 1, 3, 4, 2)",1.88,2
"(3, 2, 1, 2, 4)",1.88,2
"(2, 3, 2, 1, 4)",1.88,2
"(4, 2, 3, 1, 2)",1.88,2
"(2, 3, 1, 4, 2)",1.88,2
"(3, 1, 2, 2, 4)",1.88,2
"(1, 4, 2, 3, 2)",1.88,2
"(3, 4, 2, 2, 1)",1.88,2
"(1, 3, 2, 2, 4)",1.88,2
"(3, 2, 1, 4, 2)",1.88,2
"(4, 1, 2, 2, 3)",1.88,2
"(4, 1, 2, 3, 2)",1.88,2
"(3, 4, 2, 1, 2)",1.88,2
"(2, 1, 2, 3, 4)",1.88,2
"(2, 1, 4, 3, 2)",1.88,2
"(2, 3, 4, 2, 1)",1.88,2
"(2, 2, 4, 3, 1)",1.88,2
"(2, 3, 4, 1, 2)",1.88,2
"(2, 1, 4, 2, 3)",1.88,2
"(4, 3, 1, 2, 2)",1.88,2
"(2, 3, 1, 2, 4)",1.88,2
"(3, 1, 2, 4, 2)",1.88,2
"(1, 4, 3, 2, 2)",1.88,2
"(3, 2, 2, 1, 4)",1.88,2
"(1, 2, 4, 2, 3)",1.88,2
"(2, 4, 2, 1, 3)",1.88,2
"(2, 1, 3, 2, 4)",1.88,2
"(1, 3, 1, 4, 4)",1.9,2
"(1, 3, 4, 1, 4)",1.9,2
"(3, 1, 1, 4, 4)",1.9,2
"(4, 4, 1, 1, 3)",1.9,2
"(3, 1, 4, 1, 4)",1.9,2
"(4, 3, 1, 1, 4)",1.9,2
"(4, 1, 1, 3, 4)",1.9,2
"(4, 1, 4, 3, 1)",1.9,2
"(4, 4, 1, 3, 1)",1.9,2
"(4, 3, 4, 1, 1)",1.9,2
"(4, 1, 3, 1, 4)",1.9,2
"(3, 1, 4, 4, 1)",1.9,2
"(4, 1, 3, 4, 1)",1.9,2
"(4, 1, 1, 4, 3)",1.9,2
"(4, 1, 4, 1, 3)",1.9,2
"(4, 4, 3, 1, 1)",1.9,2
"(4, 3, 1, 4, 1)",1.9,2
"(3, 4, 1, 4, 1)",1.9,2
"(1, 3, 4, 4, 1)",1.9,2
"(1, 4, 4, 1, 3)",1.9,2
"(1, 1, 3, 4, 4)",1.9,2
"(1, 4, 3, 1, 4)",1.9,2
"(1, 4, 1, 3, 4)",1.9,2
"(1, 1, 4, 3, 4)",1.9,2
"(3, 4, 4, 1, 1)",1.9,2
"(1, 1, 4, 4, 3)",1.9,2
"(1, 4, 4, 3, 1)",1.9,2
"(1, 4, 3, 4, 1)",1.9,2
"(3, 4, 1, 1, 4)",1.9,2
"(1, 4, 1, 4, 3)",1.9,2
"(5, 5, 1, 1, 2)",1.95,2
"(3, 2, 3, 3, 1)",1.95,2
"(3, 2, 1, 3, 3)",1.95,2
"(5, 2, 1, 1, 5)",1.95,2
"(1, 5, 2, 1, 5)",1.95,2
"(3, 1, 2, 3, 3)",1.95,2
"(2, 1, 1, 5, 5)",1.95,2
"(2, 3, 3, 1, 3)",1.95,2
"(2, 1, 5, 1, 5)",1.95,2
"(1, 1, 5, 2, 5)",1.95,2
"(3, 3, 3, 2, 1)",1.95,2
"(1, 5, 1, 2, 5)",1.95,2
"(1, 5, 1, 5, 2)",1.95,2
"(2, 5, 1, 1, 5)",1.95,2
"(1, 3, 2, 3, 3)",1.95,2
"(2, 1, 3, 3, 3)",1.95,2
"(3, 3, 1, 2, 3)",1.95,2
"(1, 2, 1, 5, 5)",1.95,2
"(5, 1, 2, 5, 1)",1.95,2
"(5, 1, 5, 2, 1)",1.95,2
"(1, 2, 5, 5, 1)",1.95,2
"(3, 2, 3, 1, 3)",1.95,2
"(1, 3, 3, 3, 2)",1.95,2
"(2, 3, 1, 3, 3)",1.95,2
"(2, 5, 1, 5, 1)",1.95,2
"(1, 3, 3, 2, 3)",1.95,2
"(2, 3, 3, 3, 1)",1.95,2
"(3, 3, 1, 3, 2)",1.95,2
"(5, 5, 2, 1, 1)",1.95,2
"(3, 3, 2, 1, 3)",1.95,2
"(3, 3, 2, 3, 1)",1.95,2
"(1, 1, 5, 5, 2)",1.95,2
"(3, 1, 3, 2, 3)",1.95,2
"(3, 1, 3, 3, 2)",1.95,2
"(5, 1, 2, 1, 5)",1.95,2
"(2, 5, 5, 1, 1)",1.95,2
"(5, 1, 1, 2, 5)",1.95,2
"(1, 5, 2, 5, 1)",1.95,2
"(1, 5, 5, 1, 2)",1.95,2
"(5, 2, 1, 5, 1)",1.95,2
"(1, 5, 5, 2, 1)",1.95,2
"(2, 1, 5, 5, 1)",1.95,2
"(5, 5, 1, 2, 1)",1.95,2
"(1, 2, 3, 3, 3)",1.95,2
"(5, 1, 1, 5, 2)",1.95,2
"(1, 1, 2, 5, 5)",1.95,2
"(3, 3, 3, 1, 2)",1.95,2
"(5, 1, 5, 1, 2)",1.95,2
"(1, 2, 5, 1, 5)",1.95,2
"(5, 2, 5, 1, 1)",1.95,2
"(2, 3, 5, 1, 2)",1.96,2
"(5, 3, 2, 1, 2)",1.96,2
"(5, 1, 2, 2, 3)",1.96,2
"(2, 3, 5, 2, 1)",1.96,2
"(1, 5, 2, 3, 2)",1.96,2
"(3, 5, 2, 1, 2)",1.96,2
"(5, 2, 3, 2, 1)",1.96,2
"(1, 3, 5, 2, 2)",1.96,2
"(5, 3, 1, 2, 2)",1.96,2
"(5, 2, 3, 1, 2)",1.96,2
"(2, 1, 3, 2, 5)",1.96,2
"(3, 5, 1, 2, 2)",1.96,2
"(3, 2, 2, 1, 5)",1.96,2
"(2, 1, 2, 3, 5)",1.96,2
"(2, 1, 2, 5, 3)",1.96,2
"(1, 5, 2, 2, 3)",1.96,2
"(1, 2, 5, 2, 3)",1.96,2
"(1, 2, 3, 2, 5)",1.96,2
"(2, 2, 5, 3, 1)",1.96,2
"(3, 2, 1, 2, 5)",1.96,2
"(2, 3, 2, 5, 1)",1.96,2
"(5, 1, 2, 3, 2)",1.96,2
"(1, 3, 2, 5, 2)",1.96,2
"(3, 1, 5, 2, 2)",1.96,2
"(3, 2, 1, 5, 2)",1.96,2
"(2, 3, 2, 1, 5)",1.96,2
"(3, 1, 2, 2, 5)",1.96,2
"(1, 2, 5, 3, 2)",1.96,2
"(2, 3, 1, 5, 2)",1.96,2
"(3, 1, 2, 5, 2)",1.96,2
"(1, 5, 3, 2, 2)",1.96,2
"(3, 5, 2, 2, 1)",1.96,2
"(1, 3, 2, 2, 5)",1.96,2
"(2, 2, 1, 3, 5)",1.96,2
"(5, 2, 2, 3, 1)",1.96,2
"(5, 2, 2, 1, 3)",1.96,2
"(2, 2, 3, 5, 1)",1.96,2
"(2, 5, 2, 3, 1)",1.96,2
"(5, 1, 3, 2, 2)",1.96,2
"(2, 2, 3, 1, 5)",1.96,2
"(5, 2, 1, 2, 3)",1.96,2
"(2, 1, 5, 2, 3)",1.96,2
"(2, 5, 3, 1, 2)",1.96,2
"(2, 5, 3, 2, 1)",1.96,2
"(2, 1, 5, 3, 2)",1.96,2
"(3, 2, 5, 2, 1)",1.96,2
"(3, 2, 5, 1, 2)",1.96,2
"(1, 2, 2, 3, 5)",1.96,2
"(5, 2, 1, 3, 2)",1.96,2
"(2, 2, 1, 5, 3)",1.96,2
"(1, 2, 2, 5, 3)",1.96,2
"(5, 3, 2, 2, 1)",1.96,2
"(2, 5, 2, 1, 3)",1.96,2
"(1, 2, 3, 5, 2)",1.96,2
"(2, 3, 1, 2, 5)",1.96,2
"(2, 5, 1, 2, 3)",1.96,2
"(2, 2, 5, 1, 3)",1.96,2
"(2, 5, 1, 3, 2)",1.96,2
"(2, 1, 3, 5, 2)",1.96,2
"(3, 2, 2, 5, 1)",1.96,2
"(5, 1, 3, 1, 4)",1.98,2
"(1, 3, 5, 1, 4)",1.98,2
"(4, 5, 3, 1, 1)",1.98,2
"(1, 5, 3, 1, 4)",1.98,2
"(3, 5, 1, 1, 4)",1.98,2
"(1, 1, 3, 4, 5)",1.98,2
"(1, 4, 3, 1, 5)",1.98,2
"(1, 1, 4, 5, 3)",1.98,2
"(3, 1, 5, 4, 1)",1.98,2
"(4, 3, 1, 5, 1)",1.98,2
"(1, 3, 1, 4, 5)",1.98,2
"(4, 1, 1, 3, 5)",1.98,2
"(1, 3, 4, 5, 1)",1.98,2
"(5, 4, 1, 1, 3)",1.98,2
"(1, 1, 3, 5, 4)",1.98,2
"(3, 1, 5, 1, 4)",1.98,2
"(1, 4, 3, 5, 1)",1.98,2
"(3, 5, 4, 1, 1)",1.98,2
"(1, 5, 4, 1, 3)",1.98,2
"(1, 4, 5, 3, 1)",1.98,2
"(1, 5, 4, 3, 1)",1.98,2
"(3, 5, 1, 4, 1)",1.98,2
"(3, 1, 4, 1, 5)",1.98,2
"(1, 3, 4, 1, 5)",1.98,2
"(5, 3, 1, 1, 4)",1.98,2
"(3, 4, 1, 1, 5)",1.98,2
"(5, 1, 1, 4, 3)",1.98,2
"(4, 1, 3, 1, 5)",1.98,2
"(5, 1, 1, 3, 4)",1.98,2
"(4, 1, 5, 1, 3)",1.98,2
"(5, 1, 4, 3, 1)",1.98,2
"(3, 1, 4, 5, 1)",1.98,2
"(1, 1, 5, 4, 3)",1.98,2
"(4, 3, 5, 1, 1)",1.98,2
"(1, 5, 3, 4, 1)",1.98,2
"(5, 3, 4, 1, 1)",1.98,2
"(5, 4, 3, 1, 1)",1.98,2
"(5, 1, 4, 1, 3)",1.98,2
"(1, 1, 4, 3, 5)",1.98,2
"(4, 3, 1, 1, 5)",1.98,2
"(3, 4, 1, 5, 1)",1.98,2
"(1, 5, 1, 3, 4)",1.98,2
"(3, 4, 5, 1, 1)",1.98,2
"(3, 1, 1, 4, 5)",1.98,2
"(4, 1, 5, 3, 1)",1.98,2
"(5, 1, 3, 4, 1)",1.98,2
"(4, 5, 1, 3, 1)",1.98,2
"(1, 3, 1, 5, 4)",1.98,2
"(5, 3, 1, 4, 1)",1.98,2
"(1, 5, 1, 4, 3)",1.98,2
"(5, 4, 1, 3, 1)",1.98,2
"(3, 1, 1, 5, 4)",1.98,2
"(4, 1, 1, 5, 3)",1.98,2
"(4, 5, 1, 1, 3)",1.98,2
"(1, 4, 1, 3, 5)",1.98,2
"(1, 1, 5, 3, 4)",1.98,2
"(1, 3, 5, 4, 1)",1.98,2
"(4, 1, 3, 5, 1)",1.98,2
"(1, 4, 5, 1, 3)",1.98,2
"(1, 4, 1, 5, 3)",1.98,2
"(2, 4, 1, 2, 4)",2.0,2
"(4, 2, 4, 1, 2)",2.0,2
"(4, 2, 2, 1, 4)",2.0,2
"(4, 2, 1, 2, 4)",2.0,2
"(2, 2, 4, 1, 4)",2.0,2
"(4, 2, 2, 4, 1)",2.0,2
"(4, 2, 4, 2, 1)",2.0,2
"(2, 4, 4, 1, 2)",2.0,2
"(2, 1, 4, 4, 2)",2.0,2
"(2, 4, 2, 1, 4)",2.0,2
"(1, 4, 2, 2, 4)",2.0,2
"(1, 2, 2, 4, 4)",2.0,2
"(2, 2, 2, 2, 2)",2.0,2
"(2, 2, 4, 4, 1)",2.0,2
"(4, 4, 2, 1, 2)",2.0,2
"(1, 2, 4, 2, 4)",2.0,2
"(2, 1, 4, 2, 4)",2.0,2
"(2, 1, 2, 4, 4)",2.0,2
"(2, 4, 1, 4, 2)",2.0,2
"(4, 1, 4, 2, 2)",2.0,2
"(2, 4, 4, 2, 1)",2.0,2
"(2, 2, 1, 4, 4)",2.0,2
"(4, 1, 2, 2, 4)",2.0,2
"(1, 2, 4, 4, 2)",2.0,2
"(2, 4, 2, 4, 1)",2.0,2
"(4, 1, 2, 4, 2)",2.0,2
"(4, 2, 1, 4, 2)",2.0,2
"(1, 4, 2, 4, 2)",2.0,2
"(4, 4, 2, 2, 1)",2.0,2
"(4, 4, 1, 2, 2)",2.0,2
"(1, 4, 4, 2, 2)",2.0,2
"(4, 1, 3, 3, 2)",2.03,2
"(3, 4, 2, 3, 1)",2.03,2
"(2, 4, 1, 3, 3)",2.03,2
"(4, 3, 3, 2, 1)",2.03,2
"(3, 4, 1, 3, 2)",2.03,2
"(3, 1, 3, 4, 2)",2.03,2
"(1, 4, 3, 3, 2)",2.03,2
"(1, 4, 3, 2, 3)",2.03,2
"(1, 2, 3, 3, 4)",2.03,2
"(4, 3, 1, 2, 3)",2.03,2
"(3, 1, 2, 4, 3)",2.03,2
"(4, 3, 1, 3, 2)",2.03,2
"(4, 2, 3, 3, 1)",2.03,2
"(2, 4, 3, 3, 1)",2.03,2
"(3, 4, 3, 1, 2)",2.03,2
"(2, 4, 3, 1, 3)",2.03,2
"(1, 3, 2, 3, 4)",2.03,2
"(4, 2, 3, 1, 3)",2.03,2
"(4, 3, 2, 1, 3)",2.03,2
"(3, 3, 4, 2, 1)",2.03,2
"(4, 3, 2, 3, 1)",2.03,2
"(4, 2, 1, 3, 3)",2.03,2
"(3, 1, 2, 3, 4)",2.03,2
"(3, 4, 2, 1, 3)",2.03,2
"(3, 4, 3, 2, 1)",2.03,2
"(3, 1, 3, 2, 4)",2.03,2
"(3, 4, 1, 2, 3)",2.03,2
"(4, 3, 3, 1, 2)",2.03,2
"(3, 3, 4, 1, 2)",2.03,2
"(3, 1, 4, 3, 2)",2.03,2
"(1, 2, 3, 4, 3)",2.03,2
"(1, 4, 2, 3, 3)",2.03,2
"(3, 3, 2, 4, 1)",2.03,2
"(2, 1, 3, 3, 4)",2.03,2
"(2, 3, 1, 4, 3)",2.03,2
"(2, 3, 3, 4, 1)",2.03,2
"(3, 3, 1, 2, 4)",2.03,2
"(2, 3, 4, 3, 1)",2.03,2
"(3, 3, 1, 4, 2)",2.03,2
"(1, 3, 3, 4, 2)",2.03,2
"(3, 2, 4, 3, 1)",2.03,2
"(2, 3, 4, 1, 3)",2.03,2
"(3, 2, 4, 1, 3)",2.03,2
"(4, 1, 2, 3, 3)",2.03,2
"(1, 3, 2, 4, 3)",2.03,2
"(1, 3, 3, 2, 4)",2.03,2
"(1, 2, 4, 3, 3)",2.03,2
"(3, 2, 3, 4, 1)",2.03,2
"(2, 1, 3, 4, 3)",2.03,2
"(2, 3, 1, 3, 4)",2.03,2
"(2, 1, 4, 3, 3)",2.03,2
"(2, 3, 3, 1, 4)",2.03,2
"(3, 2, 3, 1, 4)",2.03,2
"(3, 1, 4, 2, 3)",2.03,2
"(1, 3, 4, 3, 2)",2.03,2
"(3, 2, 1, 3, 4)",2.03,2
"(1, 3, 4, 2, 3)",2.03,2
"(4, 1, 3, 2, 3)",2.03,2
"(3, 2, 1, 4, 3)",2.03,2
"(3, 3, 2, 1, 4)",2.03,2
"(1, 1, 4, 4, 4)",2.05,2
"(1, 4, 4, 1, 4)",2.05,2
"(4, 4, 1, 4, 1)",2.05,2
"(4, 4, 4, 1, 1)",2.05,2
"(4, 1, 4, 1, 4)",2.05,2
"(4, 4, 1, 1, 4)",2.05,2
"(1, 4, 1, 4, 4)",2.05,2
"(4, 1, 4, 4, 1)",2.05,2
"(4, 1, 1, 4, 4)",2.05,2
"(1, 4, 4, 4, 1)",2.05,2
"(4, 2, 5, 1, 2)",2.08,2
"(2, 3, 2, 2, 2)",2.08,2
"(2, 4, 5, 1, 2)",2.08,2
"(5, 4, 1, 2, 2)",2.08,2
"(4, 2, 5, 2, 1)",2.08,2
"(5, 1, 2, 4, 2)",2.08,2
"(2, 1, 5, 2, 4)",2.08,2
"(1, 2, 5, 4, 2)",2.08,2
"(2, 4, 5, 2, 1)",2.08,2
"(5, 2, 1, 2, 4)",2.08,2
"(2, 1, 2, 4, 5)",2.08,2
"(2, 2, 3, 2, 2)",2.08,2
"(5, 2, 2, 1, 4)",2.08,2
"(2, 2, 4, 1, 5)",2.08,2
"(4, 2, 2, 5, 1)",2.08,2
"(2, 1, 4, 2, 5)",2.08,2
"(5, 4, 2, 2, 1)",2.08,2
"(4, 5, 1, 2, 2)",2.08,2
"(2, 5, 1, 4, 2)",2.08,2
"(5, 4, 2, 1, 2)",2.08,2
"(1, 4, 5, 2, 2)",2.08,2
"(2, 1, 2, 5, 4)",2.08,2
"(2, 2, 4, 5, 1)",2.08,2
"(4, 2, 2, 1, 5)",2.08,2
"(2, 5, 1, 2, 4)",2.08,2
"(2, 2, 5, 1, 4)",2.08,2
"(2, 5, 2, 4, 1)",2.08,2
"(5, 2, 2, 4, 1)",2.08,2
"(2, 2, 5, 4, 1)",2.08,2
"(2, 1, 4, 5, 2)",2.08,2
"(4, 5, 2, 2, 1)",2.08,2
"(4, 2, 1, 5, 2)",2.08,2
"(4, 5, 2, 1, 2)",2.08,2
"(3, 2, 2, 2, 2)",2.08,2
"(1, 2, 4, 2, 5)",2.08,2
"(1, 4, 2, 5, 2)",2.08,2
"(2, 2, 2, 3, 2)",2.08,2
"(4, 2, 1, 2, 5)",2.08,2
"(2, 2, 2, 2, 3)",2.08,2
"(2, 4, 2, 5, 1)",2.08,2
"(5, 2, 1, 4, 2)",2.08,2
"(1, 2, 4, 5, 2)",2.08,2
"(5, 1, 4, 2, 2)",2.08,2
"(4, 1, 2, 5, 2)",2.08,2
"(2, 4, 2, 1, 5)",2.08,2
"(1, 5, 2, 4, 2)",2.08,2
"(1, 2, 2, 5, 4)",2.08,2
"(2, 5, 4, 1, 2)",2.08,2
"(2, 2, 1, 5, 4)",2.08,2
"(2, 2, 1, 4, 5)",2.08,2
"(2, 4, 1, 5, 2)",2.08,2
"(2, 5, 4, 2, 1)",2.08,2
"(1, 2, 2, 4, 5)",2.08,2
"(4, 1, 5, 2, 2)",2.08,2
"(2, 4, 1, 2, 5)",2.08,2
"(1, 5, 4, 2, 2)",2.08,2
"(5, 1, 2, 2, 4)",2.08,2
"(2, 1, 5, 4, 2)",2.08,2
"(2, 5, 2, 1, 4)",2.08,2
"(1, 5, 2, 2, 4)",2.08,2
"(1, 2, 5, 2, 4)",2.08,2
"(4, 1, 2, 2, 5)",2.08,2
"(1, 4, 2, 2, 5)",2.08,2
"(5, 2, 4, 2, 1)",2.08,2
"(5, 2, 4, 1, 2)",2.08,2
"(5, 3, 1, 5, 1)",2.1,2
"(5, 5, 1, 3, 1)",2.1,2
"(1, 5, 5, 1, 3)",2.1,2
"(5, 1, 1, 3, 5)",2.1,2
"(5, 1, 5, 3, 1)",2.1,2
"(1, 3, 1, 5, 5)",2.1,2
"(3, 5, 1, 1, 5)",2.1,2
"(1, 3, 5, 5, 1)",2.1,2
"(3, 5, 1, 5, 1)",2.1,2
"(1, 5, 3, 5, 1)",2.1,2
"(5, 5, 3, 1, 1)",2.1,2
"(5, 3, 5, 1, 1)",2.1,2
"(5, 1, 1, 5, 3)",2.1,2
"(1, 5, 1, 5, 3)",2.1,2
"(5, 3, 1, 1, 5)",2.1,2
"(3, 5, 5, 1, 1)",2.1,2
"(1, 3, 5, 1, 5)",2.1,2
"(1, 5, 1, 3, 5)",2.1,2
"(5, 1, 3, 1, 5)",2.1,2
"(3, 1, 5, 5, 1)",2.1,2
"(3, 1, 5, 1, 5)",2.1,2
"(5, 1, 5, 1, 3)",2.1,2
"(1, 1, 3, 5, 5)",2.1,2
"(3, 1, 1, 5, 5)",2.1,2
"(1, 1, 5, 3, 5)",2.1,2
"(1, 5, 3, 1, 5)",2.1,2
"(5, 5, 1, 1, 3)",2.1,2
"(1, 1, 5, 5, 3)",2.1,2
"(5, 1, 3, 5, 1)",2.1,2
"(1, 5, 5, 3, 1)",2.1,2
"(2, 1, 5, 3, 3)",2.11,2
"(3, 2, 5, 1, 3)",2.11,2
"(3, 2, 3, 5, 1)",2.11,2
"(3, 2, 5, 3, 1)",2.11,2
"(5, 3, 3, 1, 2)",2.11,2
"(1, 3, 3, 5, 2)",2.11,2
"(1, 2, 3, 3, 5)",2.11,2
"(2, 5, 3, 1, 3)",2.11,2
"(5, 2, 1, 3, 3)",2.11,2
"(2, 5, 3, 3, 1)",2.11,2
"(5, 3, 2, 3, 1)",2.11,2
"(5, 3, 3, 2, 1)",2.11,2
"(3, 5, 1, 3, 2)",2.11,2
"(3, 5, 3, 2, 1)",2.11,2
"(3, 3, 1, 5, 2)",2.11,2
"(3, 2, 1, 3, 5)",2.11,2
"(3, 3, 2, 5, 1)",2.11,2
"(3, 1, 2, 3, 5)",2.11,2
"(3, 5, 2, 1, 3)",2.11,2
"(2, 3, 3, 1, 5)",2.11,2
"(3, 1, 2, 5, 3)",2.11,2
"(1, 5, 2, 3, 3)",2.11,2
"(3, 3, 2, 1, 5)",2.11,2
"(3, 2, 1, 5, 3)",2.11,2
"(2, 3, 3, 5, 1)",2.11,2
"(1, 3, 2, 5, 3)",2.11,2
"(3, 1, 5, 3, 2)",2.11,2
"(3, 5, 2, 3, 1)",2.11,2
"(3, 1, 5, 2, 3)",2.11,2
"(5, 3, 1, 3, 2)",2.11,2
"(3, 1, 3, 2, 5)",2.11,2
"(1, 5, 3, 2, 3)",2.11,2
"(1, 5, 3, 3, 2)",2.11,2
"(2, 3, 5, 1, 3)",2.11,2
"(5, 1, 2, 3, 3)",2.11,2
"(1, 3, 2, 3, 5)",2.11,2
"(1, 2, 5, 3, 3)",2.11,2
"(3, 5, 3, 1, 2)",2.11,2
"(1, 2, 3, 5, 3)",2.11,2
"(5, 1, 3, 3, 2)",2.11,2
"(3, 2, 3, 1, 5)",2.11,2
"(5, 3, 1, 2, 3)",2.11,2
"(2, 5, 1, 3, 3)",2.11,2
"(2, 1, 3, 5, 3)",2.11,2
"(3, 1, 3, 5, 2)",2.11,2
"(5, 1, 3, 2, 3)",2.11,2
"(3, 3, 5, 2, 1)",2.11,2
"(2, 3, 1, 5, 3)",2.11,2
"(2, 1, 3, 3, 5)",2.11,2
"(1, 3, 5, 2, 3)",2.11,2
"(3, 3, 5, 1, 2)",2.11,2
"(3, 3, 1, 2, 5)",2.11,2
"(5, 2, 3, 3, 1)",2.11,2
"(3, 5, 1, 2, 3)",2.11,2
"(1, 3, 5, 3, 2)",2.11,2
"(5, 3, 2, 1, 3)",2.11,2
"(1, 3, 3, 2, 5)",2.11,2
"(2, 3, 1, 3, 5)",2.11,2
"(5, 2, 3, 1, 3)",2.11,2
"(2, 3, 5, 3, 1)",2.11,2
"(4, 1, 5, 1, 4)",2.13,2
"(5, 4, 1, 1, 4)",2.13,2
"(4, 1, 4, 5, 1)",2.13,2
"(4, 1, 1, 4, 5)",2.13,2
"(5, 4, 1, 4, 1)",2.13,2
"(4, 1, 1, 5, 4)",2.13,2
"(4, 1, 4, 1, 5)",2.13,2
"(5, 4, 4, 1, 1)",2.13,2
"(4, 1, 5, 4, 1)",2.13,2
"(5, 1, 4, 4, 1)",2.13,2
"(1, 1, 4, 4, 5)",2.13,2
"(4, 4, 5, 1, 1)",2.13,2
"(4, 5, 1, 1, 4)",2.13,2
"(4, 5, 1, 4, 1)",2.13,2
"(4, 4, 1, 5, 1)",2.13,2
"(4, 4, 1, 1, 5)",2.13,2
"(1, 1, 4, 5, 4)",2.13,2
"(4, 5, 4, 1, 1)",2.13,2
"(1, 4, 1, 5, 4)",2.13,2
"(5, 1, 1, 4, 4)",2.13,2
"(1, 5, 4, 4, 1)",2.13,2
"(1, 5, 4, 1, 4)",2.13,2
"(1, 5, 1, 4, 4)",2.13,2
"(1, 4, 5, 4, 1)",2.13,2
"(1, 4, 5, 1, 4)",2.13,2
"(1, 4, 4, 5, 1)",2.13,2
"(1, 4, 1, 4, 5)",2.13,2
"(1, 4, 4, 1, 5)",2.13,2
"(1, 1, 5, 4, 4)",2.13,2
"(5, 1, 4, 1, 4)",2.13,2
"(2, 4, 3, 4, 1)",2.15,2
"(1, 2, 4, 4, 3)",2.15,2
"(4, 3, 2, 4, 1)",2.15,2
"(4, 4, 2, 3, 1)",2.15,2
"(4, 3, 2, 1, 4)",2.15,2
"(2, 4, 3, 1, 4)",2.15,2
"(1, 4, 4, 2, 3)",2.15,2
"(4, 3, 1, 4, 2)",2.15,2
"(1, 2, 4, 3, 4)",2.15,2
"(3, 1, 2, 4, 4)",2.15,2
"(2, 3, 4, 4, 1)",2.15,2
"(4, 3, 1, 2, 4)",2.15,2
"(1, 4, 4, 3, 2)",2.15,2
"(1, 4, 2, 3, 4)",2.15,2
"(2, 4, 4, 1, 3)",2.15,2
"(2, 4, 4, 3, 1)",2.15,2
"(4, 4, 3, 1, 2)",2.15,2
"(1, 2, 3, 4, 4)",2.15,2
"(2, 1, 3, 4, 4)",2.15,3
"(2, 4, 1, 4, 3)",2.15,3
"(2, 4, 1, 3, 4)",2.15,3
"(1, 3, 4, 4, 2)",2.15,3
"(4, 4, 1, 2, 3)",2.15,3
"(3, 2, 4, 4, 1)",2.15,3
"(1, 3, 4, 2, 4)",2.15,3
"(2, 3, 4, 1, 4)",2.15,3
"(3, 1, 4, 4, 2)",2.15,3
"(4, 3, 4, 2, 1)",2.15,3
"(4, 3, 4, 1, 2)",2.15,3
"(4, 4, 3, 2, 1)",2.15,3
"(4, 1, 2, 3, 4)",2.15,3
"(4, 4, 1, 3, 2)",2.15,3
"(3, 4, 1, 2, 4)",2.15,3
"(2, 1, 4, 4, 3)",2.15,3
"(2, 1, 4, 3, 4)",2.15,3
"(4, 4, 2, 1, 3)",2.15,3
"(1, 3, 2, 4, 4)",2.15,3
"(4, 1, 3, 2, 4)",2.15,3
"(3, 2, 4, 1, 4)",2.15,3
"(3, 1, 4, 2, 4)",2.15,3
"(1, 4, 2, 4, 3)",2.15,3
"(4, 1, 2, 4, 3)",2.15,3
"(1, 4, 3, 4, 2)",2.15,3
"(3, 4, 2, 4, 1)",2.15,3
"(1, 4, 3, 2, 4)",2.15,3
"(3, 4, 4, 2, 1)",2.15,3
"(4, 2, 3, 1, 4)",2.15,3
"(3, 2, 1, 4, 4)",2.15,3
"(4, 2, 3, 4, 1)",2.15,3
"(3, 4, 1, 4, 2)",2.15,3
"(4, 1, 4, 2, 3)",2.15,3
"(4, 2, 1, 3, 4)",2.15,3
"(3, 4, 2, 1, 4)",2.15,3
"(4, 2, 4, 1, 3)",2.15,3
"(4, 1, 4, 3, 2)",2.15,3
"(4, 1, 3, 4, 2)",2.15,3
"(4, 2, 1, 4, 3)",2.15,3
"(3, 4, 4, 1, 2)",2.15,3
"(4, 2, 4, 3, 1)",2.15,3
"(2, 3, 1, 4, 4)",2.15,3
"(2, 4, 2, 2, 2)",2.16,3
"(4, 2, 2, 2, 2)",2.16,3
"(2, 2, 2, 4, 2)",2.16,3
"(2, 2, 2, 2, 4)",2.16,3
"(2, 2, 4, 2, 2)",2.16,3
"(5, 1, 2, 5, 2)",2.2,3
"(2, 2, 5, 1, 5)",2.2,3
"(5, 2, 2, 5, 1)",2.2,3
"(2, 5, 2, 5, 1)",2.2,3
"(2, 5, 2, 1, 5)",2.2,3
"(1, 5, 2, 2, 5)",2.2,3
"(5, 5, 1, 2, 2)",2.2,3
"(2, 5, 1, 5, 2)",2.2,3
"(2, 2, 1, 5, 5)",2.2,3
"(1, 3, 3, 3, 3)",2.2,3
"(5, 2, 5, 2, 1)",2.2,3
"(2, 1, 5, 2, 5)",2.2,3
"(3, 2, 2, 3, 2)",2.2,3
"(5, 2, 1, 2, 5)",2.2,3
"(2, 1, 5, 5, 2)",2.2,3
"(5, 2, 5, 1, 2)",2.2,3
"(2, 5, 5, 2, 1)",2.2,3
"(2, 2, 2, 3, 3)",2.2,3
"(2, 5, 5, 1, 2)",2.2,3
"(3, 3, 1, 3, 3)",2.2,3
"(3, 2, 2, 2, 3)",2.2,3
"(3, 3, 3, 3, 1)",2.2,3
"(3, 2, 3, 2, 2)",2.2,3
"(3, 3, 3, 1, 3)",2.2,3
"(2, 3, 3, 2, 2)",2.2,3
"(1, 2, 5, 5, 2)",2.2,3
"(2, 2, 3, 3, 2)",2.2,3
"(2, 1, 2, 5, 5)",2.2,3
"(2, 2, 3, 2, 3)",2.2,3
"(1, 2, 2, 5, 5)",2.2,3
"(5, 5, 2, 2, 1)",2.2,3
"(5, 2, 1, 5, 2)",2.2,3
"(1, 2, 5, 2, 5)",2.2,3
"(1, 5, 5, 2, 2)",2.2,3
"(5, 1, 2, 2, 5)",2.2,3
"(2, 3, 2, 2, 3)",2.2,3
"(5, 5, 2, 1, 2)",2.2,3
"(3, 3, 2, 2, 2)",2.2,3
"(2, 5, 1, 2, 5)",2.2,3
"(2, 2, 5, 5, 1)",2.2,3
"(5, 1, 5, 2, 2)",2.2,3
"(3, 1, 3, 3, 3)",2.2,3
"(1, 5, 2, 5, 2)",2.2,3
"(5, 2, 2, 1, 5)",2.2,3
"(2, 3, 2, 3, 2)",2.2,3
"(4, 5, 2, 1, 3)",2.23,3
"(5, 2, 1, 3, 4)",2.23,3
"(1, 3, 4, 2, 5)",2.23,3
"(4, 5, 2, 3, 1)",2.23,3
"(4, 5, 3, 1, 2)",2.23,3
"(4, 5, 1, 2, 3)",2.23,3
"(4, 5, 3, 2, 1)",2.23,3
"(5, 2, 3, 1, 4)",2.23,3
"(5, 1, 4, 3, 2)",2.23,3
"(3, 2, 4, 1, 5)",2.23,3
"(3, 4, 1, 2, 5)",2.23,3
"(2, 5, 4, 3, 1)",2.23,3
"(4, 5, 1, 3, 2)",2.23,3
"(5, 2, 1, 4, 3)",2.23,3
"(3, 4, 1, 5, 2)",2.23,3
"(3, 2, 4, 5, 1)",2.23,3
"(1, 5, 3, 2, 4)",2.23,3
"(1, 4, 2, 3, 5)",2.23,3
"(1, 5, 2, 4, 3)",2.23,3
"(1, 5, 2, 3, 4)",2.23,3
"(5, 1, 2, 3, 4)",2.23,3
"(3, 4, 5, 2, 1)",2.23,3
"(3, 4, 5, 1, 2)",2.23,3
"(5, 4, 3, 2, 1)",2.23,3
"(5, 4, 1, 2, 3)",2.23,3
"(1, 4, 2, 5, 3)",2.23,3
"(5, 4, 1, 3, 2)",2.23,3
"(5, 4, 3, 1, 2)",2.23,3
"(1, 4, 3, 2, 5)",2.23,3
"(5, 1, 2, 4, 3)",2.23,3
"(1, 4, 5, 3, 2)",2.23,3
"(5, 1, 3, 2, 4)",2.23,3
"(1, 4, 5, 2, 3)",2.23,3
"(5, 4, 2, 1, 3)",2.23,3
"(3, 4, 2, 5, 1)",2.23,3
"(3, 4, 2, 1, 5)",2.23,3
"(5, 4, 2, 3, 1)",2.23,3
"(1, 5, 3, 4, 2)",2.23,3
"(3, 5, 1, 2, 4)",2.23,3
"(1, 5, 4, 2, 3)",2.23,3
"(1, 5, 4, 3, 2)",2.23,3
"(5, 3, 2, 4, 1)",2.23,3
"(1, 2, 3, 5, 4)",2.23,3
"(2, 1, 5, 4, 3)",2.23,3
"(3, 2, 5, 1, 4)",2.23,3
"(2, 1, 5, 3, 4)",2.23,3
"(1, 3, 4, 5, 2)",2.23,3
"(3, 5, 4, 2, 1)",2.23,3
"(1, 4, 3, 5, 2)",2.23,3
"(3, 2, 5, 4, 1)",2.23,3
"(3, 5, 4, 1, 2)",2.23,3
"(5, 1, 4, 2, 3)",2.23,3
"(2, 1, 4, 5, 3)",2.23,3
"(5, 3, 4, 2, 1)",2.23,3
"(2, 1, 4, 3, 5)",2.23,3
"(2, 1, 3, 5, 4)",2.23,3
"(1, 2, 3, 4, 5)",2.23,3
"(2, 1, 3, 4, 5)",2.23,3
"(5, 1, 3, 4, 2)",2.23,3
"(1, 3, 5, 4, 2)",2.23,3
"(3, 5, 2, 4, 1)",2.23,3
"(3, 5, 2, 1, 4)",2.23,3
"(3, 5, 1, 4, 2)",2.23,3
"(5, 3, 4, 1, 2)",2.23,3
"(1, 3, 5, 2, 4)",2.23,3
"(4, 1, 5, 3, 2)",2.23,3
"(4, 3, 2, 5, 1)",2.23,3
"(2, 3, 5, 1, 4)",2.23,3
"(2, 5, 1, 4, 3)",2.23,3
"(1, 2, 4, 3, 5)",2.23,3
"(2, 5, 1, 3, 4)",2.23,3
"(4, 2, 3, 1, 5)",2.23,3
"(4, 1, 3, 5, 2)",2.23,3
"(3, 1, 4, 2, 5)",2.23,3
"(5, 3, 2, 1, 4)",2.23,3
"(4, 2, 3, 5, 1)",2.23,3
"(2, 4, 5, 3, 1)",2.23,3
"(4, 3, 1, 5, 2)",2.23,3
"(1, 2, 5, 4, 3)",2.23,3
"(3, 1, 5, 4, 2)",2.23,3
"(4, 1, 2, 3, 5)",2.23,3
"(3, 1, 2, 4, 5)",2.23,3
"(2, 3, 4, 1, 5)",2.23,3
"(2, 4, 5, 1, 3)",2.23,3
"(4, 1, 2, 5, 3)",2.23,3
"(4, 3, 1, 2, 5)",2.23,3
"(1, 2, 5, 3, 4)",2.23,3
"(3, 1, 5, 2, 4)",2.23,3
"(5, 2, 4, 3, 1)",2.23,3
"(2, 3, 4, 5, 1)",2.23,3
"(4, 2, 5, 1, 3)",2.23,3
"(4, 2, 5, 3, 1)",2.23,3
"(5, 3, 1, 4, 2)",2.23,3
"(4, 3, 5, 2, 1)",2.23,3
"(4, 3, 5, 1, 2)",2.23,3
"(3, 1, 4, 5, 2)",2.23,3
"(2, 3, 5, 4, 1)",2.23,3
"(1, 2, 4, 5, 3)",2.23,3
"(1, 3, 2, 5, 4)",2.23,3
"(2, 4, 3, 5, 1)",2.23,3
"(5, 2, 4, 1, 3)",2.23,3
"(2, 4, 1, 3, 5)",2.23,3
"(4, 2, 1, 3, 5)",2.23,3
"(1, 3, 2, 4, 5)",2.23,3
"(4, 3, 2, 1, 5)",2.23,3
"(3, 2, 1, 5, 4)",2.23,3
"(3, 2, 1, 4, 5)",2.23,3
"(2, 5, 3, 1, 4)",2.23,3
"(2, 5, 3, 4, 1)",2.23,3
"(2, 5, 4, 1, 3)",2.23,3
"(5, 3, 1, 2, 4)",2.23,3
"(2, 4, 1, 5, 3)",2.23,3
"(4, 2, 1, 5, 3)",2.23,3
"(2, 3, 1, 5, 4)",2.23,3
"(2, 4, 3, 1, 5)",2.23,3
"(2, 3, 1, 4, 5)",2.23,3
"(4, 1, 5, 2, 3)",2.23,3
"(3, 1, 2, 5, 4)",2.23,3
"(5, 2, 3, 4, 1)",2.23,3
"(4, 1, 3, 2, 5)",2.23,3
"(2, 2, 5, 2, 2)",2.24,3
"(2, 2, 2, 2, 5)",2.24,3
"(2, 2, 2, 5, 2)",2.24,3
"(2, 5, 2, 2, 2)",2.24,3
"(5, 2, 2, 2, 2)",2.24,3
"(5, 1, 1, 5, 4)",2.25,3
"(5, 4, 5, 1, 1)",2.25,3
"(1, 1, 4, 5, 5)",2.25,3
"(1, 1, 5, 5, 4)",2.25,3
"(5, 1, 5, 4, 1)",2.25,3
"(1, 5, 5, 1, 4)",2.25,3
"(1, 5, 4, 5, 1)",2.25,3
"(1, 5, 5, 4, 1)",2.25,3
"(1, 5, 4, 1, 5)",2.25,3
"(4, 5, 5, 1, 1)",2.25,3
"(5, 1, 4, 5, 1)",2.25,3
"(1, 4, 1, 5, 5)",2.25,3
"(5, 1, 1, 4, 5)",2.25,3
"(5, 1, 5, 1, 4)",2.25,3
"(5, 5, 1, 1, 4)",2.25,3
"(4, 5, 1, 1, 5)",2.25,3
"(1, 1, 5, 4, 5)",2.25,3
"(1, 4, 5, 1, 5)",2.25,3
"(4, 5, 1, 5, 1)",2.25,3
"(5, 1, 4, 1, 5)",2.25,3
"(5, 4, 1, 5, 1)",2.25,3
"(4, 1, 5, 1, 5)",2.25,3
"(1, 5, 1, 4, 5)",2.25,3
"(1, 4, 5, 5, 1)",2.25,3
"(1, 5, 1, 5, 4)",2.25,3
"(4, 1, 5, 5, 1)",2.25,3
"(5, 4, 1, 1, 5)",2.25,3
"(5, 5, 4, 1, 1)",2.25,3
"(5, 5, 1, 4, 1)",2.25,3
"(4, 1, 1, 5, 5)",2.25,3
"(3, 1, 3, 3, 4)",2.28,3
"(3, 1, 3, 4, 3)",2.28,3
"(1, 4, 3, 3, 3)",2.28,3
"(3, 3, 1, 3, 4)",2.28,3
"(4, 1, 3, 3, 3)",2.28,3
"(4, 3, 3, 1, 3)",2.28,3
"(1, 3, 3, 3, 4)",2.28,3
"(3, 4, 1, 3, 3)",2.28,3
"(3, 3, 1, 4, 3)",2.28,3
"(3, 3, 3, 1, 4)",2.28,3
"(3, 4, 3, 3, 1)",2.28,3
"(1, 3, 4, 3, 3)",2.28,3
"(4, 3, 1, 3, 3)",2.28,3
"(3, 1, 4, 3, 3)",2.28,3
"(3, 3, 4, 3, 1)",2.28,3
"(1, 3, 3, 4, 3)",2.28,3
"(3, 3, 4, 1, 3)",2.28,3
"(4, 3, 3, 3, 1)",2.28,3
"(3, 3, 3, 4, 1)",2.28,3
"(3, 4, 3, 1, 3)",2.28,3
"(2, 4, 3, 2, 2)",2.2800000000000002,3
"(4, 2, 2, 3, 2)",2.2800000000000002,3
"(4, 2, 3, 2, 2)",2.2800000000000002,3
"(4, 2, 2, 2, 3)",2.2800000000000002,3
"(2, 4, 2, 3, 2)",2.2800000000000002,3
"(3, 4, 2, 2, 2)",2.2800000000000002,3
"(4, 3, 2, 2, 2)",2.2800000000000002,3
"(3, 2, 2, 2, 4)",2.2800000000000002,3
"(2, 2, 4, 3, 2)",2.2800000000000002,3
"(2, 2, 3, 2, 4)",2.2800000000000002,3
"(3, 2, 4, 2, 2)",2.2800000000000002,3
"(2, 2, 3, 4, 2)",2.2800000000000002,3
"(2, 3, 2, 4, 2)",2.2800000000000002,3
"(2, 2, 4, 2, 3)",2.2800000000000002,3
"(2, 3, 2, 2, 4)",2.2800000000000002,3
"(2, 2, 2, 4, 3)",2.2800000000000002,3
"(2, 3, 4, 2, 2)",2.2800000000000002,3
"(3, 2, 2, 4, 2)",2.2800000000000002,3
"(2, 4, 2, 2, 3)",2.2800000000000002,3
"(2, 2, 2, 3, 4)",2.2800000000000002,3
"(4, 4, 1, 4, 2)",2.3,3
"(4, 2, 4, 1, 4)",2.3,3
"(1, 4, 2, 4, 4)",2.3,3
"(4, 2, 4, 4, 1)",2.3,3
"(2, 4, 4, 4, 1)",2.3,3
"(4, 4, 4, 2, 1)",2.3,3
"(4, 4, 2, 4, 1)",2.3,3
"(1, 2, 4, 4, 4)",2.3,3
"(4, 1, 2, 4, 4)",2.3,3
"(4, 2, 1, 4, 4)",2.3,3
"(4, 1, 4, 2, 4)",2.3,3
"(4, 1, 4, 4, 2)",2.3,3
"(1, 4, 4, 4, 2)",2.3,3
"(1, 4, 4, 2, 4)",2.3,3
"(4, 4, 4, 1, 2)",2.3,3
"(4, 4, 2, 1, 4)",2.3,3
"(2, 4, 4, 1, 4)",2.3,3
"(4, 4, 1, 2, 4)",2.3,3
"(2, 1, 4, 4, 4)",2.3,3
"(2, 4, 1, 4, 4)",2.3,3
"(1, 5, 5, 3, 2)",2.35,3
"(1, 5, 5, 2, 3)",2.35,3
"(3, 2, 3, 2, 3)",2.35,3
"(3, 3, 2, 3, 2)",2.35,3
"(2, 3, 2, 3, 3)",2.35,3
"(5, 2, 3, 5, 1)",2.35,3
"(3, 2, 3, 3, 2)",2.35,3
"(2, 1, 3, 5, 5)",2.35,3
"(3, 5, 2, 1, 5)",2.35,3
"(5, 1, 2, 5, 3)",2.35,3
"(2, 5, 1, 5, 3)",2.35,3
"(2, 2, 3, 3, 3)",2.35,3
"(5, 2, 1, 5, 3)",2.35,3
"(5, 5, 2, 1, 3)",2.35,3
"(3, 3, 2, 2, 3)",2.35,3
"(1, 3, 2, 5, 5)",2.35,3
"(2, 1, 5, 3, 5)",2.35,3
"(2, 5, 5, 3, 1)",2.35,3
"(5, 3, 1, 2, 5)",2.35,3
"(3, 2, 2, 3, 3)",2.35,3
"(5, 3, 2, 1, 5)",2.35,3
"(5, 2, 3, 1, 5)",2.35,3
"(1, 3, 5, 5, 2)",2.35,3
"(5, 5, 1, 3, 2)",2.35,3
"(3, 2, 1, 5, 5)",2.35,3
"(2, 3, 3, 2, 3)",2.35,3
"(5, 1, 5, 2, 3)",2.35,3
"(5, 1, 3, 5, 2)",2.35,3
"(5, 1, 5, 3, 2)",2.35,3
"(2, 5, 5, 1, 3)",2.35,3
"(2, 3, 1, 5, 5)",2.35,3
"(1, 3, 5, 2, 5)",2.35,3
"(2, 5, 3, 1, 5)",2.35,3
"(5, 5, 1, 2, 3)",2.35,3
"(2, 5, 3, 5, 1)",2.35,3
"(5, 1, 3, 2, 5)",2.35,3
"(2, 5, 1, 3, 5)",2.35,3
"(1, 2, 3, 5, 5)",2.35,3
"(5, 3, 5, 2, 1)",2.35,3
"(1, 2, 5, 5, 3)",2.35,3
"(5, 2, 1, 3, 5)",2.35,3
"(1, 5, 2, 5, 3)",2.35,3
"(5, 2, 5, 1, 3)",2.35,3
"(5, 3, 2, 5, 1)",2.35,3
"(2, 1, 5, 5, 3)",2.35,3
"(1, 5, 3, 2, 5)",2.35,3
"(3, 5, 5, 1, 2)",2.35,3
"(1, 5, 3, 5, 2)",2.35,3
"(3, 5, 5, 2, 1)",2.35,3
"(3, 5, 1, 2, 5)",2.35,3
"(5, 5, 3, 1, 2)",2.35,3
"(3, 2, 5, 1, 5)",2.35,3
"(3, 3, 3, 2, 2)",2.35,3
"(1, 5, 2, 3, 5)",2.35,3
"(5, 3, 1, 5, 2)",2.35,3
"(1, 2, 5, 3, 5)",2.35,3
"(5, 5, 2, 3, 1)",2.35,3
"(2, 3, 3, 3, 2)",2.35,3
"(5, 5, 3, 2, 1)",2.35,3
"(3, 1, 5, 5, 2)",2.35,3
"(3, 1, 2, 5, 5)",2.35,3
"(2, 3, 5, 1, 5)",2.35,3
"(3, 5, 1, 5, 2)",2.35,3
"(3, 2, 5, 5, 1)",2.35,3
"(3, 5, 2, 5, 1)",2.35,3
"(5, 3, 5, 1, 2)",2.35,3
"(5, 1, 2, 3, 5)",2.35,3
"(2, 3, 5, 5, 1)",2.35,3
"(5, 2, 5, 3, 1)",2.35,3
"(3, 1, 5, 2, 5)",2.35,3
"(5, 2, 3, 2, 2)",2.36,3
"(5, 3, 2, 2, 2)",2.36,3
"(3, 5, 3, 3, 1)",2.36,3
"(3, 5, 1, 3, 3)",2.36,3
"(3, 5, 3, 1, 3)",2.36,3
"(5, 3, 3, 1, 3)",2.36,3
"(5, 2, 2, 3, 2)",2.36,3
"(5, 1, 3, 3, 3)",2.36,3
"(5, 2, 2, 2, 3)",2.36,3
"(3, 5, 2, 2, 2)",2.36,3
"(5, 3, 3, 3, 1)",2.36,3
"(5, 3, 1, 3, 3)",2.36,3
"(3, 3, 1, 3, 5)",2.36,3
"(3, 3, 1, 5, 3)",2.36,3
"(2, 3, 2, 2, 5)",2.36,3
"(1, 3, 3, 3, 5)",2.36,3
"(2, 2, 5, 3, 2)",2.36,3
"(2, 2, 5, 2, 3)",2.36,3
"(2, 3, 5, 2, 2)",2.36,3
"(3, 3, 5, 1, 3)",2.36,3
"(2, 2, 3, 5, 2)",2.36,3
"(2, 2, 3, 2, 5)",2.36,3
"(2, 2, 2, 5, 3)",2.36,3
"(2, 2, 2, 3, 5)",2.36,3
"(1, 3, 3, 5, 3)",2.36,3
"(3, 3, 5, 3, 1)",2.36,3
"(2, 5, 2, 3, 2)",2.36,3
"(1, 3, 5, 3, 3)",2.36,3
"(2, 5, 3, 2, 2)",2.36,3
"(2, 5, 2, 2, 3)",2.36,3
"(2, 3, 2, 5, 2)",2.36,3
"(3, 1, 5, 3, 3)",2.36,3
"(3, 3, 3, 5, 1)",2.36,3
"(3, 2, 2, 2, 5)",2.36,3
"(3, 3, 3, 1, 5)",2.36,3
"(3, 2, 2, 5, 2)",2.36,3
"(3, 1, 3, 5, 3)",2.36,3
"(1, 5, 3, 3, 3)",2.36,3
"(3, 2, 5, 2, 2)",2.36,3
"(3, 1, 3, 3, 5)",2.36,3
"(4, 4, 1, 2, 5)",2.38,3
"(4, 4, 2, 1, 5)",2.38,3
"(4, 1, 2, 4, 5)",2.38,3
"(5, 2, 4, 4, 1)",2.38,3
"(5, 4, 4, 2, 1)",2.38,3
"(2, 4, 1, 4, 5)",2.38,3
"(4, 4, 2, 5, 1)",2.38,3
"(2, 4, 1, 5, 4)",2.38,3
"(2, 4, 4, 1, 5)",2.38,3
"(1, 2, 4, 4, 5)",2.38,3
"(4, 2, 5, 1, 4)",2.38,3
"(5, 4, 1, 2, 4)",2.38,3
"(4, 1, 4, 2, 5)",2.38,3
"(1, 2, 5, 4, 4)",2.38,3
"(4, 1, 4, 5, 2)",2.38,3
"(2, 5, 4, 4, 1)",2.38,3
"(4, 1, 5, 2, 4)",2.38,3
"(4, 1, 5, 4, 2)",2.38,3
"(2, 5, 4, 1, 4)",2.38,3
"(4, 2, 1, 4, 5)",2.38,3
"(4, 2, 1, 5, 4)",2.38,3
"(5, 4, 1, 4, 2)",2.38,3
"(2, 5, 1, 4, 4)",2.38,3
"(2, 4, 5, 4, 1)",2.38,3
"(4, 2, 4, 1, 5)",2.38,3
"(2, 4, 5, 1, 4)",2.38,3
"(1, 2, 4, 5, 4)",2.38,3
"(4, 2, 4, 5, 1)",2.38,3
"(5, 4, 4, 1, 2)",2.38,3
"(4, 1, 2, 5, 4)",2.38,3
"(2, 4, 4, 5, 1)",2.38,3
"(4, 2, 5, 4, 1)",2.38,3
"(4, 5, 4, 2, 1)",2.38,3
"(2, 1, 5, 4, 4)",2.38,3
"(5, 4, 2, 1, 4)",2.38,3
"(4, 5, 4, 1, 2)",2.38,3
"(2, 1, 4, 5, 4)",2.38,3
"(5, 2, 4, 1, 4)",2.38,3
"(2, 1, 4, 4, 5)",2.38,3
"(5, 1, 4, 4, 2)",2.38,3
"(5, 4, 2, 4, 1)",2.38,3
"(1, 5, 4, 4, 2)",2.38,3
"(1, 5, 4, 2, 4)",2.38,3
"(1, 5, 2, 4, 4)",2.38,3
"(1, 4, 2, 4, 5)",2.38,3
"(1, 4, 2, 5, 4)",2.38,3
"(5, 1, 2, 4, 4)",2.38,3
"(1, 4, 5, 4, 2)",2.38,3
"(1, 4, 5, 2, 4)",2.38,3
"(1, 4, 4, 5, 2)",2.38,3
"(1, 4, 4, 2, 5)",2.38,3
"(5, 1, 4, 2, 4)",2.38,3
"(5, 2, 1, 4, 4)",2.38,3
"(4, 5, 2, 4, 1)",2.38,3
"(4, 4, 1, 5, 2)",2.38,3
"(4, 5, 2, 1, 4)",2.38,3
"(4, 5, 1, 4, 2)",2.38,3
"(4, 4, 5, 1, 2)",2.38,3
"(4, 5, 1, 2, 4)",2.38,3
"(4, 4, 5, 2, 1)",2.38,3
"(4, 1, 3, 3, 4)",2.4,3
"(4, 3, 4, 1, 3)",2.4,3
"(3, 1, 3, 4, 4)",2.4,3
"(5, 1, 1, 5, 5)",2.4,3
"(4, 3, 4, 3, 1)",2.4,3
"(3, 1, 4, 3, 4)",2.4,3
"(3, 1, 4, 4, 3)",2.4,3
"(2, 2, 2, 4, 4)",2.4,3
"(4, 3, 3, 4, 1)",2.4,3
"(2, 2, 4, 4, 2)",2.4,3
"(4, 4, 1, 3, 3)",2.4,3
"(3, 3, 1, 4, 4)",2.4,3
"(1, 4, 4, 3, 3)",2.4,3
"(4, 4, 2, 2, 2)",2.4,3
"(4, 4, 3, 3, 1)",2.4,3
"(1, 4, 3, 4, 3)",2.4,3
"(1, 5, 1, 5, 5)",2.4,3
"(1, 1, 5, 5, 5)",2.4,3
"(5, 5, 1, 1, 5)",2.4,3
"(5, 5, 5, 1, 1)",2.4,3
"(2, 4, 4, 2, 2)",2.4,3
"(1, 3, 4, 3, 4)",2.4,3
"(4, 2, 4, 2, 2)",2.4,3
"(1, 3, 4, 4, 3)",2.4,3
"(4, 3, 1, 3, 4)",2.4,3
"(4, 2, 2, 4, 2)",2.4,3
"(4, 3, 1, 4, 3)",2.4,3
"(4, 2, 2, 2, 4)",2.4,3
"(2, 4, 2, 4, 2)",2.4,3
"(2, 4, 2, 2, 4)",2.4,3
"(1, 3, 3, 4, 4)",2.4,3
"(5, 1, 5, 5, 1)",2.4,3
"(5, 5, 1, 5, 1)",2.4,3
"(5, 1, 5, 1, 5)",2.4,3
"(4, 3, 3, 1, 4)",2.4,3
"(2, 2, 4, 2, 4)",2.4,3
"(1, 5, 5, 5, 1)",2.4,3
"(1, 5, 5, 1, 5)",2.4,3
"(4, 1, 4, 3, 3)",2.4,3
"(4, 1, 3, 4, 3)",2.4,3
"(4, 4, 3, 1, 3)",2.4,3
"(3, 4, 1, 3, 4)",2.4,3
"(1, 4, 3, 3, 4)",2.4,3
"(3, 4, 3, 4, 1)",2.4,3
"(3, 4, 1, 4, 3)",2.4,3
"(3, 4, 3, 1, 4)",2.4,3
"(3, 3, 4, 1, 4)",2.4,3
"(3, 4, 4, 3, 1)",2.4,3
"(3, 4, 4, 1, 3)",2.4,3
"(3, 3, 4, 4, 1)",2.4,3
"(2, 3, 4, 3, 2)",2.43,3
"(2, 3, 4, 2, 3)",2.43,3
"(3, 2, 4, 2, 3)",2.43,3
"(2, 3, 3, 2, 4)",2.43,3
"(2, 3, 2, 4, 3)",2.43,3
"(2, 3, 2, 3, 4)",2.43,3
"(2, 2, 4, 3, 3)",2.43,3
"(2, 3, 3, 4, 2)",2.43,3
"(4, 3, 3, 2, 2)",2.43,3
"(4, 3, 2, 3, 2)",2.43,3
"(2, 2, 3, 4, 3)",2.43,3
"(4, 3, 2, 2, 3)",2.43,3
"(2, 4, 3, 2, 3)",2.43,3
"(2, 4, 3, 3, 2)",2.43,3
"(4, 2, 3, 3, 2)",2.43,3
"(4, 2, 3, 2, 3)",2.43,3
"(4, 2, 2, 3, 3)",2.43,3
"(3, 3, 4, 2, 2)",2.43,3
"(3, 2, 2, 3, 4)",2.43,3
"(3, 2, 2, 4, 3)",2.43,3
"(3, 2, 3, 2, 4)",2.43,3
"(3, 2, 3, 4, 2)",2.43,3
"(2, 4, 2, 3, 3)",2.43,3
"(3, 4, 3, 2, 2)",2.43,3
"(3, 2, 4, 3, 2)",2.43,3
"(2, 2, 3, 3, 4)",2.43,3
"(3, 3, 2, 2, 4)",2.43,3
"(3, 4, 2, 3, 2)",2.43,3
"(3, 4, 2, 2, 3)",2.43,3
"(3, 3, 2, 4, 2)",2.43,3
"(2, 4, 5, 2, 2)",2.48,3
"(4, 2, 5, 2, 2)",2.48,3
"(3, 4, 1, 5, 3)",2.48,3
"(3, 4, 1, 3, 5)",2.48,3
"(4, 2, 2, 5, 2)",2.48,3
"(1, 4, 5, 3, 3)",2.48,3
"(2, 5, 2, 2, 4)",2.48,3
"(4, 2, 2, 2, 5)",2.48,3
"(2, 5, 2, 4, 2)",2.48,3
"(5, 4, 2, 2, 2)",2.48,3
"(3, 3, 4, 1, 5)",2.48,3
"(3, 4, 5, 1, 3)",2.48,3
"(5, 3, 1, 4, 3)",2.48,3
"(3, 4, 5, 3, 1)",2.48,3
"(2, 5, 4, 2, 2)",2.48,3
"(5, 1, 4, 3, 3)",2.48,3
"(1, 4, 3, 3, 5)",2.48,3
"(3, 5, 1, 3, 4)",2.48,3
"(1, 4, 3, 5, 3)",2.48,3
"(5, 1, 3, 4, 3)",2.48,3
"(3, 1, 5, 4, 3)",2.48,3
"(3, 1, 5, 3, 4)",2.48,3
"(3, 1, 4, 5, 3)",2.48,3
"(3, 1, 4, 3, 5)",2.48,3
"(3, 1, 3, 5, 4)",2.48,3
"(3, 1, 3, 4, 5)",2.48,3
"(4, 1, 3, 3, 5)",2.48,3
"(4, 1, 3, 5, 3)",2.48,3
"(5, 4, 3, 3, 1)",2.48,3
"(4, 1, 5, 3, 3)",2.48,3
"(5, 1, 3, 3, 4)",2.48,3
"(5, 3, 1, 3, 4)",2.48,3
"(4, 3, 1, 3, 5)",2.48,3
"(4, 5, 2, 2, 2)",2.48,3
"(5, 2, 4, 2, 2)",2.48,3
"(2, 2, 2, 4, 5)",2.48,3
"(3, 4, 3, 5, 1)",2.48,3
"(2, 2, 2, 5, 4)",2.48,3
"(2, 2, 5, 4, 2)",2.48,3
"(3, 4, 3, 1, 5)",2.48,3
"(4, 5, 3, 1, 3)",2.48,3
"(5, 2, 2, 4, 2)",2.48,3
"(5, 2, 2, 2, 4)",2.48,3
"(2, 2, 4, 5, 2)",2.48,3
"(1, 3, 3, 4, 5)",2.48,3
"(2, 2, 4, 2, 5)",2.48,3
"(4, 5, 1, 3, 3)",2.48,3
"(3, 3, 5, 1, 4)",2.48,3
"(2, 2, 5, 2, 4)",2.48,3
"(1, 5, 3, 3, 4)",2.48,3
"(3, 3, 4, 5, 1)",2.48,3
"(1, 3, 3, 5, 4)",2.48,3
"(1, 5, 3, 4, 3)",2.48,3
"(4, 3, 1, 5, 3)",2.48,3
"(3, 3, 5, 4, 1)",2.48,3
"(2, 4, 2, 5, 2)",2.48,3
"(1, 5, 4, 3, 3)",2.48,3
"(2, 4, 2, 2, 5)",2.48,3
"(4, 5, 3, 3, 1)",2.48,3
"(5, 4, 1, 3, 3)",2.48,3
"(1, 3, 5, 3, 4)",2.48,3
"(4, 3, 3, 5, 1)",2.48,3
"(4, 3, 5, 1, 3)",2.48,3
"(4, 3, 5, 3, 1)",2.48,3
"(1, 3, 4, 5, 3)",2.48,3
"(1, 3, 4, 3, 5)",2.48,3
"(1, 3, 5, 4, 3)",2.48,3
"(5, 4, 3, 1, 3)",2.48,3
"(4, 3, 3, 1, 5)",2.48,4
"(3, 5, 3, 1, 4)",2.48,4
"(3, 5, 4, 3, 1)",2.48,4
"(3, 3, 1, 5, 4)",2.48,4
"(5, 3, 4, 3, 1)",2.48,4
"(5, 3, 4, 1, 3)",2.48,4
"(5, 3, 3, 4, 1)",2.48,4
"(3, 5, 3, 4, 1)",2.48,4
"(3, 3, 1, 4, 5)",2.48,4
"(3, 5, 4, 1, 3)",2.48,4
"(3, 5, 1, 4, 3)",2.48,4
"(5, 3, 3, 1, 4)",2.48,4
"(5, 2, 5, 1, 4)",2.5,4
"(1, 5, 2, 5, 4)",2.5,4
"(4, 2, 5, 5, 1)",2.5,4
"(5, 2, 1, 4, 5)",2.5,4
"(4, 2, 5, 1, 5)",2.5,4
"(4, 5, 2, 5, 1)",2.5,4
"(1, 5, 2, 4, 5)",2.5,4
"(1, 4, 2, 5, 5)",2.5,4
"(2, 5, 5, 4, 1)",2.5,4
"(5, 4, 1, 2, 5)",2.5,4
"(5, 1, 2, 4, 5)",2.5,4
"(1, 2, 5, 5, 4)",2.5,4
"(1, 2, 5, 4, 5)",2.5,4
"(5, 5, 4, 2, 1)",2.5,4
"(1, 4, 5, 5, 2)",2.5,4
"(5, 1, 2, 5, 4)",2.5,4
"(5, 2, 1, 5, 4)",2.5,4
"(5, 5, 2, 4, 1)",2.5,4
"(2, 5, 5, 1, 4)",2.5,4
"(2, 1, 5, 4, 5)",2.5,4
"(1, 5, 5, 4, 2)",2.5,4
"(5, 1, 4, 5, 2)",2.5,4
"(4, 2, 1, 5, 5)",2.5,4
"(1, 5, 5, 2, 4)",2.5,4
"(5, 5, 1, 4, 2)",2.5,4
"(2, 5, 4, 1, 5)",2.5,4
"(5, 4, 5, 1, 2)",2.5,4
"(5, 1, 5, 2, 4)",2.5,4
"(4, 1, 5, 5, 2)",2.5,4
"(2, 5, 1, 5, 4)",2.5,4
"(1, 5, 4, 5, 2)",2.5,4
"(4, 5, 5, 2, 1)",2.5,4
"(2, 5, 1, 4, 5)",2.5,4
"(5, 5, 2, 1, 4)",2.5,4
"(2, 4, 5, 5, 1)",2.5,4
"(4, 5, 5, 1, 2)",2.5,4
"(1, 5, 4, 2, 5)",2.5,4
"(4, 1, 5, 2, 5)",2.5,4
"(5, 1, 5, 4, 2)",2.5,4
"(2, 5, 4, 5, 1)",2.5,4
"(2, 4, 5, 1, 5)",2.5,4
"(5, 5, 1, 2, 4)",2.5,4
"(2, 1, 4, 5, 5)",2.5,4
"(2, 1, 5, 5, 4)",2.5,4
"(1, 4, 5, 2, 5)",2.5,4
"(4, 5, 2, 1, 5)",2.5,4
"(1, 2, 4, 5, 5)",2.5,4
"(5, 2, 4, 5, 1)",2.5,4
"(4, 5, 1, 5, 2)",2.5,4
"(5, 2, 5, 4, 1)",2.5,4
"(5, 4, 1, 5, 2)",2.5,4
"(5, 1, 4, 2, 5)",2.5,4
"(4, 1, 2, 5, 5)",2.5,4
"(5, 4, 2, 5, 1)",2.5,4
"(4, 5, 1, 2, 5)",2.5,4
"(5, 4, 5, 2, 1)",2.5,4
"(5, 5, 4, 1, 2)",2.5,4
"(2, 4, 1, 5, 5)",2.5,4
"(5, 2, 4, 1, 5)",2.5,4
"(5, 4, 2, 1, 5)",2.5,4
"(5, 2, 3, 3, 2)",2.51,4
"(3, 3, 2, 2, 5)",2.51,4
"(2, 5, 3, 2, 3)",2.51,4
"(5, 3, 2, 2, 3)",2.51,4
"(3, 2, 2, 5, 3)",2.51,4
"(2, 3, 3, 2, 5)",2.51,4
"(2, 3, 2, 3, 5)",2.51,4
"(3, 3, 2, 5, 2)",2.51,4
"(5, 3, 3, 2, 2)",2.51,4
"(3, 5, 2, 2, 3)",2.51,4
"(5, 3, 2, 3, 2)",2.51,4
"(3, 2, 3, 2, 5)",2.51,4
"(3, 2, 5, 3, 2)",2.51,4
"(2, 3, 2, 5, 3)",2.51,4
"(3, 2, 2, 3, 5)",2.51,4
"(2, 3, 3, 5, 2)",2.51,4
"(2, 5, 2, 3, 3)",2.51,4
"(3, 2, 5, 2, 3)",2.51,4
"(3, 5, 2, 3, 2)",2.51,4
"(3, 2, 3, 5, 2)",2.51,4
"(2, 5, 3, 3, 2)",2.51,4
"(3, 3, 5, 2, 2)",2.51,4
"(3, 5, 3, 2, 2)",2.51,4
"(5, 2, 3, 2, 3)",2.51,4
"(2, 3, 5, 2, 3)",2.51,4
"(2, 2, 3, 5, 3)",2.51,4
"(5, 2, 2, 3, 3)",2.51,4
"(2, 2, 5, 3, 3)",2.51,4
"(2, 3, 5, 3, 2)",2.51,4
"(2, 2, 3, 3, 5)",2.51,4
"(4, 3, 1, 4, 4)",2.55,4
"(2, 4, 3, 2, 4)",2.55,4
"(4, 2, 2, 4, 3)",2.55,4
"(4, 4, 1, 3, 4)",2.55,4
"(2, 4, 2, 3, 4)",2.55,4
"(3, 4, 4, 1, 4)",2.55,4
"(4, 4, 1, 4, 3)",2.55,4
"(4, 3, 2, 4, 2)",2.55,4
"(2, 2, 3, 4, 4)",2.55,4
"(3, 4, 4, 4, 1)",2.55,4
"(4, 4, 2, 3, 2)",2.55,4
"(4, 3, 2, 2, 4)",2.55,4
"(2, 4, 2, 4, 3)",2.55,4
"(4, 2, 2, 3, 4)",2.55,4
"(2, 2, 4, 3, 4)",2.55,4
"(2, 3, 2, 4, 4)",2.55,4
"(2, 3, 4, 2, 4)",2.55,4
"(4, 4, 4, 3, 1)",2.55,4
"(1, 3, 4, 4, 4)",2.55,4
"(4, 4, 3, 4, 1)",2.55,4
"(4, 3, 4, 4, 1)",2.55,4
"(3, 4, 4, 2, 2)",2.55,4
"(4, 2, 4, 2, 3)",2.55,4
"(2, 4, 4, 3, 2)",2.55,4
"(4, 3, 4, 2, 2)",2.55,4
"(4, 4, 3, 2, 2)",2.55,4
"(2, 4, 4, 2, 3)",2.55,4
"(4, 2, 3, 4, 2)",2.55,4
"(4, 3, 4, 1, 4)",2.55,4
"(2, 3, 4, 4, 2)",2.55,4
"(2, 4, 3, 4, 2)",2.55,4
"(4, 2, 3, 2, 4)",2.55,4
"(4, 4, 3, 1, 4)",2.55,4
"(4, 4, 4, 1, 3)",2.55,4
"(2, 2, 4, 4, 3)",2.55,4
"(4, 2, 4, 3, 2)",2.55,4
"(3, 4, 2, 4, 2)",2.55,4
"(4, 4, 2, 2, 3)",2.55,4
"(1, 4, 4, 3, 4)",2.55,4
"(3, 2, 2, 4, 4)",2.55,4
"(1, 4, 4, 4, 3)",2.55,4
"(3, 4, 1, 4, 4)",2.55,4
"(4, 1, 3, 4, 4)",2.55,4
"(3, 4, 2, 2, 4)",2.55,4
"(4, 1, 4, 4, 3)",2.55,4
"(3, 2, 4, 2, 4)",2.55,4
"(3, 1, 4, 4, 4)",2.55,4
"(1, 4, 3, 4, 4)",2.55,4
"(3, 2, 4, 4, 2)",2.55,4
"(4, 1, 4, 3, 4)",2.55,4
"(3, 3, 5, 1, 5)",2.6,4
"(1, 3, 5, 3, 5)",2.6,4
"(5, 2, 5, 2, 2)",2.6,4
"(5, 1, 5, 3, 3)",2.6,4
"(3, 1, 5, 5, 3)",2.6,4
"(5, 3, 3, 5, 1)",2.6,4
"(5, 5, 3, 1, 3)",2.6,4
"(3, 1, 3, 5, 5)",2.6,4
"(3, 1, 5, 3, 5)",2.6,4
"(5, 3, 5, 3, 1)",2.6,4
"(5, 5, 1, 3, 3)",2.6,4
"(1, 5, 3, 5, 3)",2.6,4
"(2, 2, 5, 2, 5)",2.6,4
"(5, 5, 3, 3, 1)",2.6,4
"(3, 3, 2, 3, 3)",2.6,4
"(1, 5, 3, 3, 5)",2.6,4
"(3, 3, 5, 5, 1)",2.6,4
"(3, 3, 3, 3, 2)",2.6,4
"(5, 2, 2, 2, 5)",2.6,4
"(2, 2, 5, 5, 2)",2.6,4
"(5, 3, 1, 5, 3)",2.6,4
"(1, 3, 3, 5, 5)",2.6,4
"(5, 3, 1, 3, 5)",2.6,4
"(5, 1, 3, 3, 5)",2.6,4
"(2, 5, 5, 2, 2)",2.6,4
"(2, 2, 2, 5, 5)",2.6,4
"(3, 5, 3, 1, 5)",2.6,4
"(5, 3, 5, 1, 3)",2.6,4
"(3, 3, 1, 5, 5)",2.6,4
"(5, 1, 3, 5, 3)",2.6,4
"(5, 2, 2, 5, 2)",2.6,4
"(3, 5, 1, 5, 3)",2.6,4
"(3, 5, 1, 3, 5)",2.6,4
"(2, 3, 3, 3, 3)",2.6,4
"(3, 5, 3, 5, 1)",2.6,4
"(2, 5, 2, 5, 2)",2.6,4
"(3, 5, 5, 1, 3)",2.6,4
"(1, 5, 5, 3, 3)",2.6,4
"(2, 5, 2, 2, 5)",2.6,4
"(5, 3, 3, 1, 5)",2.6,4
"(1, 3, 5, 5, 3)",2.6,4
"(3, 2, 3, 3, 3)",2.6,4
"(3, 5, 5, 3, 1)",2.6,4
"(3, 3, 3, 2, 3)",2.6,4
"(5, 5, 2, 2, 2)",2.6,4
"(1, 4, 4, 3, 5)",2.63,4
"(5, 1, 4, 3, 4)",2.63,4
"(2, 4, 2, 3, 5)",2.63,4
"(5, 3, 2, 4, 2)",2.63,4
"(4, 3, 2, 5, 2)",2.63,4
"(4, 4, 1, 5, 3)",2.63,4
"(4, 5, 1, 3, 4)",2.63,4
"(5, 3, 2, 2, 4)",2.63,4
"(2, 3, 2, 5, 4)",2.63,4
"(3, 2, 4, 2, 5)",2.63,4
"(5, 4, 1, 3, 4)",2.63,4
"(5, 4, 4, 1, 3)",2.63,4
"(3, 5, 1, 4, 4)",2.63,4
"(3, 5, 4, 2, 2)",2.63,4
"(4, 4, 1, 3, 5)",2.63,4
"(4, 5, 1, 4, 3)",2.63,4
"(5, 2, 3, 2, 4)",2.63,4
"(4, 3, 1, 4, 5)",2.63,4
"(2, 4, 3, 2, 5)",2.63,4
"(3, 4, 2, 2, 5)",2.63,4
"(1, 4, 5, 4, 3)",2.63,4
"(2, 2, 3, 4, 5)",2.63,4
"(2, 4, 2, 5, 3)",2.63,4
"(5, 2, 4, 2, 3)",2.63,4
"(5, 3, 4, 1, 4)",2.63,4
"(1, 4, 5, 3, 4)",2.63,4
"(4, 3, 2, 2, 5)",2.63,4
"(4, 3, 5, 1, 4)",2.63,4
"(2, 2, 3, 5, 4)",2.63,4
"(5, 4, 3, 4, 1)",2.63,4
"(5, 4, 2, 2, 3)",2.63,4
"(4, 3, 5, 2, 2)",2.63,4
"(2, 2, 5, 4, 3)",2.63,4
"(3, 5, 4, 1, 4)",2.63,4
"(1, 4, 4, 5, 3)",2.63,4
"(5, 4, 3, 1, 4)",2.63,4
"(4, 3, 4, 1, 5)",2.63,4
"(2, 3, 5, 2, 4)",2.63,4
"(5, 2, 2, 4, 3)",2.63,4
"(4, 3, 5, 4, 1)",2.63,4
"(4, 4, 5, 3, 1)",2.63,4
"(5, 4, 4, 3, 1)",2.63,4
"(3, 2, 2, 5, 4)",2.63,4
"(4, 4, 5, 1, 3)",2.63,4
"(3, 2, 4, 5, 2)",2.63,4
"(5, 3, 4, 2, 2)",2.63,4
"(3, 2, 2, 4, 5)",2.63,4
"(3, 1, 5, 4, 4)",2.63,4
"(2, 2, 5, 3, 4)",2.63,4
"(5, 2, 4, 3, 2)",2.63,4
"(5, 1, 3, 4, 4)",2.63,4
"(4, 4, 3, 1, 5)",2.63,4
"(1, 4, 3, 5, 4)",2.63,4
"(3, 1, 4, 4, 5)",2.63,4
"(2, 2, 4, 3, 5)",2.63,4
"(3, 4, 4, 1, 5)",2.63,4
"(3, 4, 1, 4, 5)",2.63,4
"(4, 4, 3, 5, 1)",2.63,4
"(2, 2, 4, 5, 3)",2.63,4
"(5, 4, 1, 4, 3)",2.63,4
"(3, 1, 4, 5, 4)",2.63,4
"(1, 4, 3, 4, 5)",2.63,4
"(5, 2, 3, 4, 2)",2.63,4
"(2, 3, 2, 4, 5)",2.63,4
"(2, 3, 4, 2, 5)",2.63,4
"(2, 3, 5, 4, 2)",2.63,4
"(3, 2, 5, 4, 2)",2.63,4
"(5, 2, 2, 3, 4)",2.63,4
"(4, 3, 4, 5, 1)",2.63,4
"(2, 3, 4, 5, 2)",2.63,4
"(4, 3, 1, 5, 4)",2.63,4
"(4, 5, 4, 3, 1)",2.63,4
"(4, 2, 5, 2, 3)",2.63,4
"(5, 4, 2, 3, 2)",2.63,4
"(3, 4, 4, 5, 1)",2.63,4
"(4, 5, 3, 2, 2)",2.63,4
"(2, 5, 4, 2, 3)",2.63,4
"(3, 5, 2, 4, 2)",2.63,4
"(4, 5, 3, 4, 1)",2.63,4
"(4, 2, 2, 5, 3)",2.63,4
"(5, 4, 3, 2, 2)",2.63,4
"(4, 1, 5, 4, 3)",2.63,4
"(1, 5, 4, 4, 3)",2.63,4
"(3, 4, 2, 5, 2)",2.63,4
"(1, 5, 3, 4, 4)",2.63,4
"(4, 5, 3, 1, 4)",2.63,4
"(3, 4, 5, 1, 4)",2.63,4
"(4, 1, 4, 5, 3)",2.63,4
"(2, 5, 4, 3, 2)",2.63,4
"(1, 3, 5, 4, 4)",2.63,4
"(4, 1, 5, 3, 4)",2.63,4
"(4, 2, 3, 2, 5)",2.63,4
"(4, 5, 4, 1, 3)",2.63,4
"(1, 5, 4, 3, 4)",2.63,4
"(2, 4, 5, 2, 3)",2.63,4
"(1, 3, 4, 5, 4)",2.63,4
"(4, 1, 3, 4, 5)",2.63,4
"(2, 4, 5, 3, 2)",2.63,4
"(3, 5, 2, 2, 4)",2.63,4
"(4, 2, 3, 5, 2)",2.63,4
"(1, 3, 4, 4, 5)",2.63,4
"(4, 2, 2, 3, 5)",2.63,4
"(3, 4, 5, 4, 1)",2.63,4
"(2, 5, 2, 3, 4)",2.63,4
"(2, 4, 3, 5, 2)",2.63,4
"(4, 2, 5, 3, 2)",2.63,4
"(5, 3, 4, 4, 1)",2.63,4
"(2, 5, 3, 4, 2)",2.63,4
"(3, 4, 1, 5, 4)",2.63,4
"(4, 5, 2, 3, 2)",2.63,4
"(2, 5, 2, 4, 3)",2.63,4
"(3, 5, 4, 4, 1)",2.63,4
"(3, 4, 5, 2, 2)",2.63,4
"(5, 1, 4, 4, 3)",2.63,4
"(2, 5, 3, 2, 4)",2.63,4
"(4, 5, 2, 2, 3)",2.63,4
"(3, 2, 5, 2, 4)",2.63,4
"(4, 1, 3, 5, 4)",2.63,4
"(4, 1, 4, 3, 5)",2.63,4
"(5, 3, 1, 4, 4)",2.63,4
"(5, 5, 2, 1, 5)",2.65,4
"(1, 2, 5, 5, 5)",2.65,4
"(5, 1, 5, 5, 2)",2.65,4
"(5, 5, 5, 2, 1)",2.65,4
"(5, 2, 5, 5, 1)",2.65,4
"(5, 5, 1, 2, 5)",2.65,4
"(5, 2, 5, 1, 5)",2.65,4
"(5, 1, 2, 5, 5)",2.65,4
"(5, 5, 5, 1, 2)",2.65,4
"(2, 5, 1, 5, 5)",2.65,4
"(1, 5, 5, 5, 2)",2.65,4
"(5, 5, 1, 5, 2)",2.65,4
"(5, 5, 2, 5, 1)",2.65,4
"(5, 2, 1, 5, 5)",2.65,4
"(5, 1, 5, 2, 5)",2.65,4
"(2, 1, 5, 5, 5)",2.65,4
"(2, 5, 5, 5, 1)",2.65,4
"(1, 5, 5, 2, 5)",2.65,4
"(1, 5, 2, 5, 5)",2.65,4
"(2, 5, 5, 1, 5)",2.65,4
"(3, 2, 3, 4, 3)",2.68,4
"(2, 3, 4, 3, 3)",2.68,4
"(3, 2, 3, 3, 4)",2.68,4
"(2, 3, 3, 3, 4)",2.68,4
"(3, 4, 2, 3, 3)",2.68,4
"(2, 3, 3, 4, 3)",2.68,4
"(3, 2, 4, 3, 3)",2.68,4
"(4, 2, 3, 3, 3)",2.68,4
"(3, 3, 4, 2, 3)",2.68,4
"(2, 4, 3, 3, 3)",2.68,4
"(3, 3, 3, 4, 2)",2.68,4
"(3, 4, 3, 2, 3)",2.68,4
"(4, 3, 3, 2, 3)",2.68,4
"(3, 4, 3, 3, 2)",2.68,4
"(3, 3, 2, 3, 4)",2.68,4
"(3, 3, 4, 3, 2)",2.68,4
"(4, 3, 3, 3, 2)",2.68,4
"(3, 3, 3, 2, 4)",2.68,4
"(4, 3, 2, 3, 3)",2.68,4
"(3, 3, 2, 4, 3)",2.68,4
"(4, 2, 4, 4, 2)",2.7,4
"(4, 4, 2, 4, 2)",2.7,4
"(4, 2, 2, 4, 4)",2.7,4
"(4, 4, 4, 2, 2)",2.7,4
"(2, 2, 4, 4, 4)",2.7,4
"(2, 4, 2, 4, 4)",2.7,4
"(4, 4, 2, 2, 4)",2.7,4
"(2, 4, 4, 4, 2)",2.7,4
"(4, 2, 4, 2, 4)",2.7,4
"(2, 4, 4, 2, 4)",2.7,4
"(4, 5, 5, 3, 1)",2.75,4
"(3, 5, 2, 5, 2)",2.75,4
"(4, 5, 1, 3, 5)",2.75,4
"(1, 5, 3, 5, 4)",2.75,4
"(3, 4, 1, 5, 5)",2.75,4
"(2, 2, 3, 5, 5)",2.75,4
"(1, 5, 5, 3, 4)",2.75,4
"(5, 5, 4, 1, 3)",2.75,4
"(5, 1, 4, 5, 3)",2.75,4
"(5, 3, 4, 5, 1)",2.75,4
"(3, 2, 5, 5, 2)",2.75,4
"(4, 5, 1, 5, 3)",2.75,4
"(1, 4, 5, 3, 5)",2.75,4
"(1, 4, 5, 5, 3)",2.75,4
"(1, 3, 5, 5, 4)",2.75,4
"(2, 3, 2, 5, 5)",2.75,4
"(1, 3, 5, 4, 5)",2.75,4
"(3, 5, 1, 5, 4)",2.75,4
"(2, 2, 5, 3, 5)",2.75,4
"(5, 1, 5, 4, 3)",2.75,4
"(5, 2, 2, 5, 3)",2.75,4
"(1, 3, 4, 5, 5)",2.75,4
"(4, 5, 5, 1, 3)",2.75,4
"(5, 1, 3, 5, 4)",2.75,4
"(5, 2, 3, 2, 5)",2.75,4
"(2, 2, 5, 5, 3)",2.75,4
"(5, 1, 3, 4, 5)",2.75,4
"(1, 5, 4, 3, 5)",2.75,4
"(1, 5, 3, 4, 5)",2.75,4
"(5, 2, 2, 3, 5)",2.75,4
"(4, 5, 3, 5, 1)",2.75,4
"(5, 4, 1, 5, 3)",2.75,4
"(5, 3, 5, 1, 4)",2.75,4
"(5, 2, 3, 5, 2)",2.75,4
"(3, 5, 2, 2, 5)",2.75,4
"(1, 5, 4, 5, 3)",2.75,4
"(5, 5, 4, 3, 1)",2.75,4
"(1, 4, 3, 5, 5)",2.75,4
"(5, 1, 5, 3, 4)",2.75,4
"(4, 5, 3, 1, 5)",2.75,4
"(1, 5, 5, 4, 3)",2.75,4
"(3, 5, 1, 4, 5)",2.75,4
"(3, 4, 5, 5, 1)",2.75,4
"(5, 4, 5, 3, 1)",2.75,4
"(2, 5, 5, 3, 2)",2.75,4
"(5, 2, 5, 2, 3)",2.75,4
"(5, 4, 1, 3, 5)",2.75,4
"(2, 5, 5, 2, 3)",2.75,4
"(5, 3, 5, 4, 1)",2.75,4
"(5, 5, 1, 3, 4)",2.75,4
"(2, 3, 5, 5, 2)",2.75,4
"(5, 4, 5, 1, 3)",2.75,4
"(2, 3, 5, 2, 5)",2.75,4
"(4, 1, 5, 3, 5)",2.75,4
"(5, 5, 3, 1, 4)",2.75,4
"(4, 1, 5, 5, 3)",2.75,4
"(3, 5, 5, 2, 2)",2.75,4
"(5, 5, 1, 4, 3)",2.75,4
"(2, 5, 3, 5, 2)",2.75,4
"(3, 4, 5, 1, 5)",2.75,4
"(2, 5, 3, 2, 5)",2.75,4
"(2, 5, 2, 5, 3)",2.75,4
"(3, 5, 5, 1, 4)",2.75,4
"(5, 3, 1, 4, 5)",2.75,4
"(4, 3, 5, 1, 5)",2.75,4
"(2, 5, 2, 3, 5)",2.75,4
"(4, 1, 3, 5, 5)",2.75,4
"(3, 2, 5, 2, 5)",2.75,4
"(5, 5, 3, 4, 1)",2.75,4
"(5, 1, 4, 3, 5)",2.75,4
"(3, 2, 2, 5, 5)",2.75,4
"(5, 3, 2, 2, 5)",2.75,4
"(3, 1, 5, 5, 4)",2.75,4
"(3, 1, 5, 4, 5)",2.75,4
"(4, 3, 1, 5, 5)",2.75,4
"(4, 3, 5, 5, 1)",2.75,4
"(5, 5, 2, 2, 3)",2.75,4
"(3, 1, 4, 5, 5)",2.75,4
"(5, 3, 4, 1, 5)",2.75,4
"(5, 3, 1, 5, 4)",2.75,4
"(5, 5, 2, 3, 2)",2.75,4
"(5, 2, 5, 3, 2)",2.75,4
"(5, 4, 3, 5, 1)",2.75,4
"(3, 5, 4, 5, 1)",2.75,4
"(3, 5, 4, 1, 5)",2.75,4
"(5, 5, 3, 2, 2)",2.75,4
"(5, 3, 5, 2, 2)",2.75,4
"(5, 3, 2, 5, 2)",2.75,4
"(3, 5, 5, 4, 1)",2.75,4
"(5, 4, 3, 1, 5)",2.75,4
"(5, 3, 3, 2, 3)",2.76,4
"(3, 3, 5, 3, 2)",2.76,4
"(3, 3, 5, 2, 3)",2.76,4
"(3, 5, 2, 3, 3)",2.76,4
"(3, 5, 3, 2, 3)",2.76,4
"(3, 5, 3, 3, 2)",2.76,4
"(5, 2, 3, 3, 3)",2.76,4
"(2, 3, 5, 3, 3)",2.76,4
"(2, 3, 3, 5, 3)",2.76,4
"(2, 3, 3, 3, 5)",2.76,4
"(3, 3, 2, 5, 3)",2.76,4
"(3, 3, 2, 3, 5)",2.76,4
"(3, 3, 3, 5, 2)",2.76,4
"(3, 2, 5, 3, 3)",2.76,4
"(3, 2, 3, 5, 3)",2.76,4
"(3, 3, 3, 2, 5)",2.76,4
"(2, 5, 3, 3, 3)",2.76,4
"(5, 3, 3, 3, 2)",2.76,4
"(5, 3, 2, 3, 3)",2.76,4
"(3, 2, 3, 3, 5)",2.76,4
"(4, 2, 4, 5, 2)",2.7800000000000002,4
"(2, 4, 4, 5, 2)",2.7800000000000002,4
"(5, 4, 2, 4, 2)",2.7800000000000002,4
"(4, 2, 5, 2, 4)",2.7800000000000002,4
"(4, 5, 2, 4, 2)",2.7800000000000002,4
"(2, 2, 4, 5, 4)",2.7800000000000002,4
"(5, 4, 4, 2, 2)",2.7800000000000002,4
"(2, 4, 4, 2, 5)",2.7800000000000002,4
"(2, 2, 4, 4, 5)",2.7800000000000002,4
"(4, 2, 5, 4, 2)",2.7800000000000002,4
"(4, 5, 2, 2, 4)",2.7800000000000002,4
"(4, 4, 2, 2, 5)",2.7800000000000002,4
"(4, 2, 2, 4, 5)",2.7800000000000002,4
"(4, 2, 4, 2, 5)",2.7800000000000002,4
"(4, 4, 2, 5, 2)",2.7800000000000002,4
"(5, 2, 4, 2, 4)",2.7800000000000002,4
"(5, 2, 4, 4, 2)",2.7800000000000002,4
"(5, 4, 2, 2, 4)",2.7800000000000002,4
"(2, 5, 4, 4, 2)",2.7800000000000002,4
"(2, 5, 2, 4, 4)",2.7800000000000002,4
"(2, 4, 2, 5, 4)",2.7800000000000002,4
"(4, 2, 2, 5, 4)",2.7800000000000002,4
"(2, 2, 5, 4, 4)",2.7800000000000002,4
"(2, 5, 4, 2, 4)",2.7800000000000002,4
"(2, 4, 2, 4, 5)",2.7800000000000002,4
"(2, 4, 5, 2, 4)",2.7800000000000002,4
"(4, 5, 4, 2, 2)",2.7800000000000002,4
"(5, 2, 2, 4, 4)",2.7800000000000002,4
"(4, 4, 5, 2, 2)",2.7800000000000002,4
"(2, 4, 5, 4, 2)",2.7800000000000002,4
"(3, 2, 4, 3, 4)",2.8,4
"(3, 2, 3, 4, 4)",2.8,4
"(3, 3, 4, 4, 2)",2.8,4
"(2, 4, 3, 3, 4)",2.8,4
"(2, 4, 3, 4, 3)",2.8,4
"(1, 4, 4, 4, 4)",2.8,4
"(4, 2, 3, 3, 4)",2.8,4
"(3, 3, 4, 2, 4)",2.8,4
"(4, 1, 4, 4, 4)",2.8,4
"(2, 4, 4, 3, 3)",2.8,4
"(4, 2, 4, 3, 3)",2.8,4
"(3, 4, 2, 3, 4)",2.8,4
"(4, 2, 3, 4, 3)",2.8,4
"(3, 3, 2, 4, 4)",2.8,4
"(3, 4, 2, 4, 3)",2.8,4
"(3, 2, 4, 4, 3)",2.8,4
"(3, 4, 4, 2, 3)",2.8,4
"(4, 3, 3, 2, 4)",2.8,4
"(4, 4, 1, 4, 4)",2.8,4
"(4, 4, 3, 3, 2)",2.8,4
"(2, 3, 3, 4, 4)",2.8,4
"(4, 4, 3, 2, 3)",2.8,4
"(2, 3, 4, 3, 4)",2.8,4
"(3, 4, 3, 4, 2)",2.8,4
"(2, 3, 4, 4, 3)",2.8,4
"(3, 4, 4, 3, 2)",2.8,4
"(3, 4, 3, 2, 4)",2.8,4
"(4, 3, 4, 3, 2)",2.8,4
"(4, 4, 2, 3, 3)",2.8,4
"(4, 4, 4, 1, 4)",2.8,4
"(4, 3, 4, 2, 3)",2.8,4
"(4, 4, 4, 4, 1)",2.8,4
"(4, 3, 2, 3, 4)",2.8,4
"(4, 3, 2, 4, 3)",2.8,4
"(4, 3, 3, 4, 2)",2.8,4
"(4, 2, 3, 3, 5)",2.88,4
"(1, 4, 5, 4, 4)",2.88,4
"(4, 4, 4, 5, 1)",2.88,4
"(5, 3, 3, 4, 2)",2.88,4
"(3, 2, 4, 5, 3)",2.88,4
"(2, 3, 4, 3, 5)",2.88,4
"(4, 5, 4, 4, 1)",2.88,4
"(4, 2, 3, 5, 3)",2.88,4
"(3, 4, 2, 3, 5)",2.88,4
"(2, 4, 5, 3, 3)",2.88,4
"(3, 5, 2, 3, 4)",2.88,4
"(4, 4, 5, 1, 4)",2.88,4
"(1, 5, 4, 4, 4)",2.88,4
"(5, 4, 3, 3, 2)",2.88,4
"(5, 3, 2, 4, 3)",2.88,4
"(5, 3, 4, 2, 3)",2.88,4
"(3, 2, 5, 4, 3)",2.88,4
"(5, 4, 3, 2, 3)",2.88,4
"(4, 3, 5, 3, 2)",2.88,4
"(5, 4, 2, 3, 3)",2.88,4
"(4, 4, 4, 1, 5)",2.88,4
"(3, 4, 5, 3, 2)",2.88,4
"(5, 2, 3, 3, 4)",2.88,4
"(2, 5, 3, 4, 3)",2.88,4
"(2, 5, 4, 3, 3)",2.88,4
"(5, 2, 4, 3, 3)",2.88,4
"(2, 5, 3, 3, 4)",2.88,4
"(5, 1, 4, 4, 4)",2.88,4
"(4, 1, 4, 4, 5)",2.88,4
"(3, 5, 4, 2, 3)",2.88,4
"(3, 3, 5, 4, 2)",2.88,4
"(5, 2, 3, 4, 3)",2.88,4
"(4, 3, 5, 2, 3)",2.88,4
"(2, 3, 4, 5, 3)",2.88,4
"(3, 4, 5, 2, 3)",2.88,4
"(4, 1, 4, 5, 4)",2.88,4
"(5, 4, 4, 1, 4)",2.88,4
"(1, 4, 4, 5, 4)",2.88,4
"(3, 3, 4, 2, 5)",2.88,4
"(5, 3, 2, 3, 4)",2.88,4
"(5, 3, 3, 2, 4)",2.88,4
"(4, 3, 3, 2, 5)",2.88,4
"(4, 4, 1, 4, 5)",2.88,4
"(3, 2, 5, 3, 4)",2.88,4
"(4, 3, 2, 5, 3)",2.88,4
"(2, 4, 3, 5, 3)",2.88,4
"(3, 2, 3, 4, 5)",2.88,4
"(3, 5, 3, 4, 2)",2.88,4
"(4, 5, 2, 3, 3)",2.88,4
"(2, 4, 3, 3, 5)",2.88,4
"(3, 4, 3, 2, 5)",2.88,4
"(3, 2, 3, 5, 4)",2.88,4
"(3, 3, 2, 5, 4)",2.88,4
"(4, 5, 1, 4, 4)",2.88,4
"(4, 4, 1, 5, 4)",2.88,4
"(3, 5, 4, 3, 2)",2.88,4
"(4, 3, 2, 3, 5)",2.88,4
"(3, 2, 4, 3, 5)",2.88,4
"(4, 5, 4, 1, 4)",2.88,4
"(2, 3, 3, 4, 5)",2.88,4
"(4, 2, 5, 3, 3)",2.88,4
"(4, 5, 3, 2, 3)",2.88,4
"(3, 4, 3, 5, 2)",2.88,4
"(3, 3, 2, 4, 5)",2.88,4
"(1, 4, 4, 4, 5)",2.88,4
"(2, 3, 5, 3, 4)",2.88,4
"(3, 4, 2, 5, 3)",2.88,4
"(5, 4, 4, 4, 1)",2.88,4
"(5, 4, 1, 4, 4)",2.88,4
"(4, 4, 5, 4, 1)",2.88,4
"(4, 3, 3, 5, 2)",2.88,4
"(2, 3, 5, 4, 3)",2.88,4
"(3, 3, 4, 5, 2)",2.88,4
"(5, 3, 4, 3, 2)",2.88,4
"(4, 1, 5, 4, 4)",2.88,4
"(3, 3, 5, 2, 4)",2.88,4
"(4, 5, 3, 3, 2)",2.88,4
"(3, 5, 2, 4, 3)",2.88,4
"(3, 5, 3, 2, 4)",2.88,4
"(2, 3, 3, 5, 4)",2.88,4
"(5, 5, 5, 1, 3)",2.9,4
"(5, 4, 5, 2, 2)",2.9,4
"(3, 1, 5, 5, 5)",2.9,4
"(5, 1, 3, 5, 5)",2.9,5
"(5, 5, 3, 5, 1)",2.9,5
"(5, 5, 5, 3, 1)",2.9,5
"(2, 5, 5, 4, 2)",2.9,5
"(5, 2, 4, 2, 5)",2.9,5
"(5, 5, 1, 3, 5)",2.9,5
"(1, 5, 3, 5, 5)",2.9,5
"(2, 5, 4, 5, 2)",2.9,5
"(5, 4, 2, 2, 5)",2.9,5
"(3, 5, 5, 5, 1)",2.9,5
"(2, 5, 5, 2, 4)",2.9,5
"(5, 3, 5, 1, 5)",2.9,5
"(5, 2, 4, 5, 2)",2.9,5
"(3, 5, 1, 5, 5)",2.9,5
"(5, 3, 5, 5, 1)",2.9,5
"(5, 5, 2, 4, 2)",2.9,5
"(5, 4, 2, 5, 2)",2.9,5
"(5, 5, 3, 1, 5)",2.9,5
"(5, 2, 5, 4, 2)",2.9,5
"(2, 2, 4, 5, 5)",2.9,5
"(5, 3, 1, 5, 5)",2.9,5
"(4, 5, 5, 2, 2)",2.9,5
"(2, 2, 5, 4, 5)",2.9,5
"(4, 2, 2, 5, 5)",2.9,5
"(2, 4, 5, 5, 2)",2.9,5
"(5, 2, 5, 2, 4)",2.9,5
"(5, 2, 2, 5, 4)",2.9,5
"(5, 2, 2, 4, 5)",2.9,5
"(5, 1, 5, 3, 5)",2.9,5
"(2, 5, 4, 2, 5)",2.9,5
"(5, 5, 2, 2, 4)",2.9,5
"(2, 4, 5, 2, 5)",2.9,5
"(4, 2, 5, 2, 5)",2.9,5
"(1, 5, 5, 5, 3)",2.9,5
"(1, 3, 5, 5, 5)",2.9,5
"(2, 5, 2, 4, 5)",2.9,5
"(2, 4, 2, 5, 5)",2.9,5
"(1, 5, 5, 3, 5)",2.9,5
"(5, 5, 1, 5, 3)",2.9,5
"(5, 5, 4, 2, 2)",2.9,5
"(4, 5, 2, 2, 5)",2.9,5
"(2, 2, 5, 5, 4)",2.9,5
"(5, 1, 5, 5, 3)",2.9,5
"(2, 5, 2, 5, 4)",2.9,5
"(4, 5, 2, 5, 2)",2.9,5
"(3, 5, 5, 1, 5)",2.9,5
"(4, 2, 5, 5, 2)",2.9,5
"(2, 4, 3, 4, 4)",2.95,5
"(4, 2, 4, 3, 4)",2.95,5
"(4, 2, 4, 4, 3)",2.95,5
"(2, 4, 4, 3, 4)",2.95,5
"(4, 3, 4, 2, 4)",2.95,5
"(3, 4, 2, 4, 4)",2.95,5
"(2, 4, 4, 4, 3)",2.95,5
"(4, 4, 2, 3, 4)",2.95,5
"(3, 4, 4, 2, 4)",2.95,5
"(3, 4, 4, 4, 2)",2.95,5
"(4, 4, 2, 4, 3)",2.95,5
"(4, 3, 2, 4, 4)",2.95,5
"(4, 3, 4, 4, 2)",2.95,5
"(4, 4, 4, 2, 3)",2.95,5
"(4, 2, 3, 4, 4)",2.95,5
"(4, 4, 3, 2, 4)",2.95,5
"(4, 4, 3, 4, 2)",2.95,5
"(4, 4, 4, 3, 2)",2.95,5
"(3, 2, 4, 4, 4)",2.95,5
"(2, 3, 4, 4, 4)",2.95,5
"(5, 1, 4, 4, 5)",3.0,5
"(5, 4, 5, 1, 4)",3.0,5
"(5, 2, 3, 3, 5)",3.0,5
"(5, 3, 2, 5, 3)",3.0,5
"(5, 5, 1, 4, 4)",3.0,5
"(5, 3, 3, 5, 2)",3.0,5
"(5, 4, 4, 1, 5)",3.0,5
"(5, 5, 4, 4, 1)",3.0,5
"(5, 4, 1, 4, 5)",3.0,5
"(5, 1, 4, 5, 4)",3.0,5
"(5, 2, 5, 3, 3)",3.0,5
"(5, 1, 5, 4, 4)",3.0,5
"(5, 5, 4, 1, 4)",3.0,5
"(5, 3, 5, 3, 2)",3.0,5
"(5, 3, 2, 3, 5)",3.0,5
"(5, 5, 3, 2, 3)",3.0,5
"(5, 5, 3, 3, 2)",3.0,5
"(5, 4, 5, 4, 1)",3.0,5
"(5, 5, 2, 3, 3)",3.0,5
"(5, 2, 3, 5, 3)",3.0,5
"(5, 4, 4, 5, 1)",3.0,5
"(5, 3, 5, 2, 3)",3.0,5
"(5, 3, 3, 2, 5)",3.0,5
"(5, 4, 1, 5, 4)",3.0,5
"(3, 3, 3, 3, 3)",3.0,5
"(3, 5, 2, 5, 3)",3.0,5
"(2, 3, 5, 3, 5)",3.0,5
"(3, 5, 3, 5, 2)",3.0,5
"(2, 3, 5, 5, 3)",3.0,5
"(3, 5, 3, 2, 5)",3.0,5
"(3, 5, 2, 3, 5)",3.0,5
"(4, 5, 4, 1, 5)",3.0,5
"(4, 4, 1, 5, 5)",3.0,5
"(3, 3, 5, 5, 2)",3.0,5
"(2, 5, 3, 3, 5)",3.0,5
"(3, 3, 5, 2, 5)",3.0,5
"(2, 5, 3, 5, 3)",3.0,5
"(3, 3, 2, 5, 5)",3.0,5
"(4, 5, 1, 5, 4)",3.0,5
"(4, 5, 1, 4, 5)",3.0,5
"(3, 2, 5, 5, 3)",3.0,5
"(4, 4, 5, 5, 1)",3.0,5
"(2, 5, 5, 3, 3)",3.0,5
"(3, 2, 5, 3, 5)",3.0,5
"(4, 4, 5, 1, 5)",3.0,5
"(4, 5, 4, 5, 1)",3.0,5
"(3, 5, 5, 2, 3)",3.0,5
"(3, 2, 3, 5, 5)",3.0,5
"(2, 3, 3, 5, 5)",3.0,5
"(1, 5, 5, 4, 4)",3.0,5
"(1, 5, 4, 5, 4)",3.0,5
"(4, 1, 5, 5, 4)",3.0,5
"(1, 4, 5, 5, 4)",3.0,5
"(4, 1, 5, 4, 5)",3.0,5
"(1, 5, 4, 4, 5)",3.0,5
"(1, 4, 4, 5, 5)",3.0,5
"(1, 4, 5, 4, 5)",3.0,5
"(4, 5, 5, 1, 4)",3.0,5
"(4, 5, 5, 4, 1)",3.0,5
"(3, 5, 5, 3, 2)",3.0,5
"(4, 1, 4, 5, 5)",3.0,5
"(5, 2, 3, 4, 4)",3.0300000000000002,5
"(4, 4, 3, 5, 2)",3.0300000000000002,5
"(5, 4, 3, 4, 2)",3.0300000000000002,5
"(5, 4, 2, 4, 3)",3.0300000000000002,5
"(5, 4, 3, 2, 4)",3.0300000000000002,5
"(5, 4, 4, 2, 3)",3.0300000000000002,5
"(4, 2, 4, 5, 3)",3.0300000000000002,5
"(5, 4, 4, 3, 2)",3.0300000000000002,5
"(3, 2, 5, 4, 4)",3.0300000000000002,5
"(4, 2, 5, 3, 4)",3.0300000000000002,5
"(4, 3, 2, 4, 5)",3.0300000000000002,5
"(3, 2, 4, 5, 4)",3.0300000000000002,5
"(3, 2, 4, 4, 5)",3.0300000000000002,5
"(4, 2, 5, 4, 3)",3.0300000000000002,5
"(4, 2, 4, 3, 5)",3.0300000000000002,5
"(4, 2, 3, 5, 4)",3.0300000000000002,5
"(4, 4, 3, 2, 5)",3.0300000000000002,5
"(4, 2, 3, 4, 5)",3.0300000000000002,5
"(3, 5, 4, 4, 2)",3.0300000000000002,5
"(4, 3, 4, 5, 2)",3.0300000000000002,5
"(5, 3, 2, 4, 4)",3.0300000000000002,5
"(3, 5, 4, 2, 4)",3.0300000000000002,5
"(4, 3, 5, 2, 4)",3.0300000000000002,5
"(5, 3, 4, 2, 4)",3.0300000000000002,5
"(5, 3, 4, 4, 2)",3.0300000000000002,5
"(4, 3, 5, 4, 2)",3.0300000000000002,5
"(3, 5, 2, 4, 4)",3.0300000000000002,5
"(5, 4, 2, 3, 4)",3.0300000000000002,5
"(4, 3, 4, 2, 5)",3.0300000000000002,5
"(3, 4, 5, 4, 2)",3.0300000000000002,5
"(5, 2, 4, 3, 4)",3.0300000000000002,5
"(3, 4, 5, 2, 4)",3.0300000000000002,5
"(3, 4, 4, 5, 2)",3.0300000000000002,5
"(3, 4, 4, 2, 5)",3.0300000000000002,5
"(4, 4, 2, 3, 5)",3.0300000000000002,5
"(4, 4, 2, 5, 3)",3.0300000000000002,5
"(3, 4, 2, 5, 4)",3.0300000000000002,5
"(3, 4, 2, 4, 5)",3.0300000000000002,5
"(4, 4, 5, 2, 3)",3.0300000000000002,5
"(5, 2, 4, 4, 3)",3.0300000000000002,5
"(4, 3, 2, 5, 4)",3.0300000000000002,5
"(4, 4, 5, 3, 2)",3.0300000000000002,5
"(2, 3, 4, 4, 5)",3.0300000000000002,5
"(2, 3, 4, 5, 4)",3.0300000000000002,5
"(2, 3, 5, 4, 4)",3.0300000000000002,5
"(2, 4, 3, 4, 5)",3.0300000000000002,5
"(2, 4, 3, 5, 4)",3.0300000000000002,5
"(4, 5, 4, 3, 2)",3.0300000000000002,5
"(4, 5, 4, 2, 3)",3.0300000000000002,5
"(2, 4, 4, 5, 3)",3.0300000000000002,5
"(2, 4, 5, 3, 4)",3.0300000000000002,5
"(4, 5, 3, 4, 2)",3.0300000000000002,5
"(2, 4, 5, 4, 3)",3.0300000000000002,5
"(4, 5, 3, 2, 4)",3.0300000000000002,5
"(2, 5, 3, 4, 4)",3.0300000000000002,5
"(4, 5, 2, 4, 3)",3.0300000000000002,5
"(4, 5, 2, 3, 4)",3.0300000000000002,5
"(2, 4, 4, 3, 5)",3.0300000000000002,5
"(2, 5, 4, 4, 3)",3.0300000000000002,5
"(2, 5, 4, 3, 4)",3.0300000000000002,5
"(5, 5, 2, 2, 5)",3.05,5
"(2, 5, 5, 2, 5)",3.05,5
"(5, 2, 5, 5, 2)",3.05,5
"(2, 5, 2, 5, 5)",3.05,5
"(5, 5, 2, 5, 2)",3.05,5
"(5, 2, 5, 2, 5)",3.05,5
"(2, 5, 5, 5, 2)",3.05,5
"(2, 2, 5, 5, 5)",3.05,5
"(5, 2, 2, 5, 5)",3.05,5
"(5, 5, 5, 2, 2)",3.05,5
"(3, 3, 3, 3, 4)",3.08,5
"(3, 3, 4, 3, 3)",3.08,5
"(3, 4, 3, 3, 3)",3.08,5
"(4, 3, 3, 3, 3)",3.08,5
"(3, 3, 3, 4, 3)",3.08,5
"(2, 3, 4, 5, 5)",3.15,5
"(5, 3, 2, 4, 5)",3.15,5
"(3, 5, 4, 5, 2)",3.15,5
"(5, 5, 3, 4, 2)",3.15,5
"(3, 5, 5, 2, 4)",3.15,5
"(5, 3, 2, 5, 4)",3.15,5
"(3, 5, 4, 2, 5)",3.15,5
"(5, 4, 5, 3, 2)",3.15,5
"(5, 5, 5, 4, 1)",3.15,5
"(5, 5, 4, 1, 5)",3.15,5
"(1, 5, 5, 5, 4)",3.15,5
"(5, 5, 3, 2, 4)",3.15,5
"(1, 5, 5, 4, 5)",3.15,5
"(5, 5, 4, 2, 3)",3.15,5
"(4, 1, 5, 5, 5)",3.15,5
"(1, 5, 4, 5, 5)",3.15,5
"(5, 5, 4, 3, 2)",3.15,5
"(4, 2, 3, 5, 5)",3.15,5
"(5, 5, 4, 5, 1)",3.15,5
"(1, 4, 5, 5, 5)",3.15,5
"(5, 5, 5, 1, 4)",3.15,5
"(4, 2, 5, 3, 5)",3.15,5
"(4, 2, 5, 5, 3)",3.15,5
"(3, 5, 5, 4, 2)",3.15,5
"(5, 4, 5, 1, 5)",3.15,5
"(3, 5, 2, 5, 4)",3.15,5
"(2, 3, 5, 5, 4)",3.15,5
"(5, 4, 3, 5, 2)",3.15,5
"(2, 5, 3, 5, 4)",3.15,5
"(5, 4, 3, 2, 5)",3.15,5
"(3, 2, 5, 5, 4)",3.15,5
"(5, 5, 1, 4, 5)",3.15,5
"(5, 4, 2, 5, 3)",3.15,5
"(2, 5, 3, 4, 5)",3.15,5
"(2, 5, 4, 3, 5)",3.15,5
"(5, 4, 2, 3, 5)",3.15,5
"(5, 5, 1, 5, 4)",3.15,5
"(2, 4, 5, 5, 3)",3.15,5
"(2, 5, 4, 5, 3)",3.15,5
"(3, 2, 5, 4, 5)",3.15,5
"(3, 4, 2, 5, 5)",3.15,5
"(2, 4, 5, 3, 5)",3.15,5
"(5, 4, 1, 5, 5)",3.15,5
"(2, 5, 5, 3, 4)",3.15,5
"(5, 5, 2, 3, 4)",3.15,5
"(3, 4, 5, 2, 5)",3.15,5
"(5, 5, 2, 4, 3)",3.15,5
"(5, 4, 5, 2, 3)",3.15,5
"(5, 3, 5, 4, 2)",3.15,5
"(3, 4, 5, 5, 2)",3.15,5
"(2, 5, 5, 4, 3)",3.15,5
"(2, 4, 3, 5, 5)",3.15,5
"(3, 5, 2, 4, 5)",3.15,5
"(5, 3, 4, 5, 2)",3.15,5
"(5, 4, 5, 5, 1)",3.15,5
"(5, 3, 4, 2, 5)",3.15,5
"(2, 3, 5, 4, 5)",3.15,5
"(3, 2, 4, 5, 5)",3.15,5
"(5, 3, 5, 2, 4)",3.15,5
"(4, 3, 2, 5, 5)",3.15,5
"(5, 2, 5, 4, 3)",3.15,5
"(5, 2, 3, 5, 4)",3.15,5
"(4, 3, 5, 2, 5)",3.15,5
"(4, 5, 2, 3, 5)",3.15,5
"(5, 1, 5, 4, 5)",3.15,5
"(5, 2, 3, 4, 5)",3.15,5
"(5, 1, 4, 5, 5)",3.15,5
"(4, 5, 3, 5, 2)",3.15,5
"(4, 5, 5, 5, 1)",3.15,5
"(5, 2, 5, 3, 4)",3.15,5
"(5, 1, 5, 5, 4)",3.15,5
"(4, 5, 5, 3, 2)",3.15,5
"(4, 3, 5, 5, 2)",3.15,5
"(4, 5, 1, 5, 5)",3.15,5
"(5, 2, 4, 3, 5)",3.15,5
"(5, 2, 4, 5, 3)",3.15,5
"(4, 5, 2, 5, 3)",3.15,5
"(4, 5, 3, 2, 5)",3.15,5
"(4, 5, 5, 2, 3)",3.15,5
"(4, 5, 5, 1, 5)",3.15,5
"(3, 3, 3, 3, 5)",3.16,5
"(3, 5, 3, 3, 3)",3.16,5
"(3, 3, 5, 3, 3)",3.16,5
"(5, 3, 3, 3, 3)",3.16,5
"(3, 3, 3, 5, 3)",3.16,5
"(4, 4, 2, 4, 4)",3.2,5
"(3, 4, 3, 3, 4)",3.2,5
"(4, 3, 4, 3, 3)",3.2,5
"(3, 4, 4, 3, 3)",3.2,5
"(3, 4, 3, 4, 3)",3.2,5
"(4, 4, 4, 4, 2)",3.2,5
"(3, 3, 3, 4, 4)",3.2,5
"(4, 4, 3, 3, 3)",3.2,5
"(3, 3, 4, 4, 3)",3.2,5
"(4, 3, 3, 3, 4)",3.2,5
"(3, 3, 4, 3, 4)",3.2,5
"(4, 2, 4, 4, 4)",3.2,5
"(2, 4, 4, 4, 4)",3.2,5
"(4, 4, 4, 2, 4)",3.2,5
"(4, 3, 3, 4, 3)",3.2,5
"(4, 3, 5, 3, 3)",3.2800000000000002,5
"(5, 3, 4, 3, 3)",3.2800000000000002,5
"(2, 4, 5, 4, 4)",3.2800000000000002,5
"(2, 4, 4, 5, 4)",3.2800000000000002,5
"(2, 4, 4, 4, 5)",3.2800000000000002,5
"(4, 5, 3, 3, 3)",3.2800000000000002,5
"(4, 5, 4, 2, 4)",3.2800000000000002,5
"(5, 2, 4, 4, 4)",3.2800000000000002,5
"(4, 4, 2, 4, 5)",3.2800000000000002,5
"(3, 4, 5, 3, 3)",3.2800000000000002,5
"(5, 4, 4, 2, 4)",3.2800000000000002,5
"(5, 4, 4, 4, 2)",3.2800000000000002,5
"(4, 4, 4, 2, 5)",3.2800000000000002,5
"(4, 4, 4, 5, 2)",3.2800000000000002,5
"(4, 4, 5, 2, 4)",3.2800000000000002,5
"(3, 3, 3, 4, 5)",3.2800000000000002,5
"(5, 4, 3, 3, 3)",3.2800000000000002,5
"(3, 3, 4, 3, 5)",3.2800000000000002,5
"(3, 3, 4, 5, 3)",3.2800000000000002,5
"(4, 4, 5, 4, 2)",3.2800000000000002,5
"(5, 4, 2, 4, 4)",3.2800000000000002,5
"(3, 3, 5, 3, 4)",3.2800000000000002,5
"(3, 3, 5, 4, 3)",3.2800000000000002,5
"(4, 4, 2, 5, 4)",3.2800000000000002,5
"(3, 4, 3, 3, 5)",3.2800000000000002,5
"(3, 4, 3, 5, 3)",3.2800000000000002,5
"(2, 5, 4, 4, 4)",3.2800000000000002,5
"(4, 5, 2, 4, 4)",3.2800000000000002,5
"(3, 5, 3, 3, 4)",3.2800000000000002,5
"(3, 3, 3, 5, 4)",3.2800000000000002,5
"(3, 5, 3, 4, 3)",3.2800000000000002,5
"(4, 3, 3, 5, 3)",3.2800000000000002,5
"(4, 2, 4, 4, 5)",3.2800000000000002,5
"(5, 3, 3, 3, 4)",3.2800000000000002,5
"(3, 5, 4, 3, 3)",3.2800000000000002,5
"(4, 2, 4, 5, 4)",3.2800000000000002,5
"(4, 3, 3, 3, 5)",3.2800000000000002,5
"(4, 5, 4, 4, 2)",3.2800000000000002,5
"(4, 2, 5, 4, 4)",3.2800000000000002,5
"(5, 3, 3, 4, 3)",3.2800000000000002,5
"(5, 2, 5, 5, 3)",3.3,5
"(5, 3, 5, 5, 2)",3.3,5
"(3, 5, 5, 5, 2)",3.3,5
"(5, 3, 2, 5, 5)",3.3,5
"(3, 5, 5, 2, 5)",3.3,5
"(5, 2, 5, 3, 5)",3.3,5
"(5, 5, 2, 5, 3)",3.3,5
"(2, 5, 5, 3, 5)",3.3,5
"(5, 3, 5, 2, 5)",3.3,5
"(5, 5, 5, 2, 3)",3.3,5
"(5, 2, 3, 5, 5)",3.3,5
"(2, 5, 5, 5, 3)",3.3,5
"(2, 3, 5, 5, 5)",3.3,5
"(5, 5, 3, 2, 5)",3.3,5
"(3, 5, 2, 5, 5)",3.3,5
"(5, 5, 2, 3, 5)",3.3,5
"(5, 5, 5, 3, 2)",3.3,5
"(3, 2, 5, 5, 5)",3.3,5
"(2, 5, 3, 5, 5)",3.3,5
"(5, 5, 3, 5, 2)",3.3,5
"(3, 3, 4, 4, 4)",3.35,5
"(4, 4, 3, 3, 4)",3.35,5
"(3, 4, 3, 4, 4)",3.35,5
"(4, 3, 4, 4, 3)",3.35,5
"(4, 4, 3, 4, 3)",3.35,5
"(3, 4, 4, 3, 4)",3.35,5
"(4, 4, 4, 3, 3)",3.35,5
"(4, 3, 4, 3, 4)",3.35,5
"(4, 3, 3, 4, 4)",3.35,5
"(3, 4, 4, 4, 3)",3.35,5
"(4, 5, 5, 2, 4)",3.4,5
"(2, 5, 4, 5, 4)",3.4,5
"(4, 4, 2, 5, 5)",3.4,5
"(5, 4, 5, 4, 2)",3.4,5
"(4, 4, 5, 5, 2)",3.4,5
"(2, 5, 5, 4, 4)",3.4,5
"(5, 5, 4, 2, 4)",3.4,5
"(5, 5, 5, 1, 5)",3.4,5
"(5, 5, 4, 4, 2)",3.4,5
"(4, 5, 5, 4, 2)",3.4,5
"(5, 4, 2, 4, 5)",3.4,5
"(2, 5, 4, 4, 5)",3.4,5
"(4, 5, 4, 5, 2)",3.4,5
"(5, 5, 5, 5, 1)",3.4,5
"(5, 4, 4, 2, 5)",3.4,5
"(4, 5, 4, 2, 5)",3.4,5
"(4, 2, 5, 5, 4)",3.4,5
"(4, 2, 5, 4, 5)",3.4,5
"(5, 4, 4, 5, 2)",3.4,5
"(5, 2, 4, 5, 4)",3.4,5
"(5, 1, 5, 5, 5)",3.4,5
"(5, 5, 2, 4, 4)",3.4,5
"(5, 2, 4, 4, 5)",3.4,5
"(2, 4, 4, 5, 5)",3.4,5
"(4, 2, 4, 5, 5)",3.4,5
"(1, 5, 5, 5, 5)",3.4,5
"(2, 4, 5, 5, 4)",3.4,5
"(4, 4, 5, 2, 5)",3.4,5
"(2, 4, 5, 4, 5)",3.4,5
"(4, 5, 2, 5, 4)",3.4,5
"(5, 4, 2, 5, 4)",3.4,5
"(4, 5, 2, 4, 5)",3.4,5
"(5, 4, 5, 2, 4)",3.4,5
"(5, 2, 5, 4, 4)",3.4,5
"(5, 5, 1, 5, 5)",3.4,5
"(3, 5, 3, 3, 5)",3.4000000000000004,5
"(5, 5, 3, 3, 3)",3.4000000000000004,5
"(3, 5, 3, 5, 3)",3.4000000000000004,5
"(3, 3, 5, 5, 3)",3.4000000000000004,5
"(5, 3, 5, 3, 3)",3.4000000000000004,5
"(3, 5, 5, 3, 3)",3.4000000000000004,5
"(3, 3, 5, 3, 5)",3.4000000000000004,5
"(5, 3, 3, 3, 5)",3.4000000000000004,5
"(3, 3, 3, 5, 5)",3.4000000000000004,5
"(5, 3, 3, 5, 3)",3.4000000000000004,5
"(4, 3, 3, 5, 4)",3.43,5
"(5, 4, 3, 4, 3)",3.43,5
"(4, 3, 3, 4, 5)",3.43,5
"(4, 4, 5, 3, 3)",3.43,5
"(3, 3, 4, 4, 5)",3.43,5
"(5, 4, 3, 3, 4)",3.43,5
"(4, 4, 3, 5, 3)",3.43,5
"(4, 3, 4, 3, 5)",3.43,5
"(3, 3, 4, 5, 4)",3.43,5
"(3, 5, 3, 4, 4)",3.43,5
"(4, 3, 5, 3, 4)",3.43,5
"(4, 5, 4, 3, 3)",3.43,5
"(5, 3, 4, 3, 4)",3.43,5
"(5, 3, 4, 4, 3)",3.43,5
"(5, 3, 3, 4, 4)",3.43,5
"(4, 5, 3, 4, 3)",3.43,5
"(4, 3, 5, 4, 3)",3.43,5
"(5, 4, 4, 3, 3)",3.43,5
"(3, 4, 5, 4, 3)",3.43,5
"(4, 3, 4, 5, 3)",3.43,5
"(3, 5, 4, 3, 4)",3.43,5
"(3, 4, 5, 3, 4)",3.43,5
"(4, 5, 3, 3, 4)",3.43,5
"(3, 4, 4, 5, 3)",3.43,5
"(4, 4, 3, 3, 5)",3.43,5
"(3, 3, 5, 4, 4)",3.43,5
"(3, 5, 4, 4, 3)",3.43,5
"(3, 4, 3, 5, 4)",3.43,5
"(3, 4, 3, 4, 5)",3.43,5
"(3, 4, 4, 3, 5)",3.43,5
"(2, 4, 5, 5, 5)",3.55,5
"(4, 5, 5, 2, 5)",3.55,5
"(5, 5, 5, 4, 2)",3.55,5
"(5, 4, 5, 2, 5)",3.55,5
"(2, 5, 5, 4, 5)",3.55,5
"(5, 5, 2, 4, 5)",3.55,5
"(5, 4, 5, 5, 2)",3.55,5
"(5, 5, 2, 5, 4)",3.55,5
"(4, 5, 5, 5, 2)",3.55,5
"(5, 5, 4, 2, 5)",3.55,5
"(4, 5, 2, 5, 5)",3.55,5
"(5, 5, 4, 5, 2)",3.55,5
"(2, 5, 4, 5, 5)",3.55,5
"(2, 5, 5, 5, 4)",3.55,5
"(4, 2, 5, 5, 5)",3.55,5
"(5, 4, 2, 5, 5)",3.55,5
"(5, 2, 4, 5, 5)",3.55,5
"(5, 2, 5, 5, 4)",3.55,5
"(5, 2, 5, 4, 5)",3.55,5
"(5, 5, 5, 2, 4)",3.55,5
"(5, 4, 5, 3, 3)",3.5500000000000003,5
"(5, 5, 3, 4, 3)",3.5500000000000003,5
"(5, 3, 4, 3, 5)",3.5500000000000003,5
"(3, 4, 5, 3, 5)",3.5500000000000003,5
"(3, 5, 3, 4, 5)",3.5500000000000003,5
"(5, 5, 3, 3, 4)",3.5500000000000003,5
"(5, 3, 3, 4, 5)",3.5500000000000003,5
"(3, 5, 4, 3, 5)",3.5500000000000003,5
"(4, 3, 5, 3, 5)",3.5500000000000003,5
"(3, 3, 4, 5, 5)",3.5500000000000003,5
"(3, 3, 5, 4, 5)",3.5500000000000003,5
"(3, 3, 5, 5, 4)",3.5500000000000003,5
"(4, 3, 5, 5, 3)",3.5500000000000003,5
"(3, 5, 3, 5, 4)",3.5500000000000003,5
"(5, 4, 3, 3, 5)",3.5500000000000003,5
"(5, 3, 3, 5, 4)",3.5500000000000003,5
"(5, 3, 4, 5, 3)",3.5500000000000003,5
"(5, 5, 4, 3, 3)",3.5500000000000003,5
"(4, 3, 3, 5, 5)",3.5500000000000003,5
"(3, 4, 5, 5, 3)",3.5500000000000003,5
"(4, 5, 3, 3, 5)",3.5500000000000003,5
"(4, 5, 3, 5, 3)",3.5500000000000003,5
"(5, 3, 5, 4, 3)",3.5500000000000003,5
"(4, 5, 5, 3, 3)",3.5500000000000003,5
"(3, 5, 5, 4, 3)",3.5500000000000003,5
"(3, 4, 3, 5, 5)",3.5500000000000003,5
"(3, 5, 5, 3, 4)",3.5500000000000003,5
"(3, 5, 4, 5, 3)",3.5500000000000003,5
"(5, 3, 5, 3, 4)",3.5500000000000003,5
"(5, 4, 3, 5, 3)",3.5500000000000003,5
"(4, 4, 3, 4, 4)",3.6,5
"(4, 3, 4, 4, 4)",3.6,5
"(4, 4, 4, 3, 4)",3.6,5
"(4, 4, 4, 4, 3)",3.6,5
"(3, 4, 4, 4, 4)",3.6,5
"(3, 4, 4, 5, 4)",3.68,5
"(5, 3, 4, 4, 4)",3.68,5
"(4, 5, 3, 4, 4)",3.68,5
"(3, 4, 4, 4, 5)",3.68,5
"(3, 4, 5, 4, 4)",3.68,5
"(4, 3, 5, 4, 4)",3.68,5
"(5, 4, 4, 3, 4)",3.68,5
"(3, 5, 4, 4, 4)",3.68,5
"(5, 4, 4, 4, 3)",3.68,5
"(4, 4, 4, 5, 3)",3.68,5
"(4, 4, 3, 5, 4)",3.68,5
"(5, 4, 3, 4, 4)",3.68,5
"(4, 5, 4, 3, 4)",3.68,5
"(4, 4, 3, 4, 5)",3.68,5
"(4, 3, 4, 4, 5)",3.68,5
"(4, 4, 4, 3, 5)",3.68,5
"(4, 4, 5, 3, 4)",3.68,5
"(4, 5, 4, 4, 3)",3.68,5
"(4, 4, 5, 4, 3)",3.68,5
"(4, 3, 4, 5, 4)",3.68,5
"(5, 3, 3, 5, 5)",3.7,5
"(5, 3, 5, 5, 3)",3.7,5
"(5, 5, 3, 5, 3)",3.7,5
"(3, 3, 5, 5, 5)",3.7,5
"(5, 3, 5, 3, 5)",3.7,5
"(5, 5, 3, 3, 5)",3.7,5
"(3, 5, 5, 3, 5)",3.7,5
"(5, 5, 5, 3, 3)",3.7,5
"(3, 5, 5, 5, 3)",3.7,5
"(3, 5, 3, 5, 5)",3.7,5
"(5, 5, 2, 5, 5)",3.8,5
"(5, 2, 5, 5, 5)",3.8,5
"(5, 5, 5, 5, 2)",3.8,5
"(5, 5, 5, 2, 5)",3.8,5
"(2, 5, 5, 5, 5)",3.8,5
"(5, 5, 4, 4, 3)",3.8000000000000003,5
"(3, 5, 5, 4, 4)",3.8000000000000003,5
"(5, 5, 4, 3, 4)",3.8000000000000003,5
"(4, 5, 5, 3, 4)",3.8000000000000003,5
"(4, 4, 5, 3, 5)",3.8000000000000003,5
"(4, 4, 3, 5, 5)",3.8000000000000003,5
"(3, 5, 4, 4, 5)",3.8000000000000003,5
"(5, 4, 5, 4, 3)",3.8000000000000003,5
"(3, 5, 4, 5, 4)",3.8000000000000003,5
"(4, 5, 4, 5, 3)",3.8000000000000003,5
"(5, 4, 5, 3, 4)",3.8000000000000003,5
"(5, 4, 3, 4, 5)",3.8000000000000003,5
"(3, 4, 5, 5, 4)",3.8000000000000003,5
"(5, 4, 3, 5, 4)",3.8000000000000003,5
"(5, 5, 3, 4, 4)",3.8000000000000003,5
"(5, 4, 4, 5, 3)",3.8000000000000003,5
"(4, 5, 3, 4, 5)",3.8000000000000003,5
"(4, 4, 5, 5, 3)",3.8000000000000003,5
"(5, 4, 4, 3, 5)",3.8000000000000003,5
"(3, 4, 5, 4, 5)",3.8000000000000003,5
"(5, 3, 4, 5, 4)",3.8000000000000003,5
"(4, 5, 3, 5, 4)",3.8000000000000003,5
"(5, 3, 5, 4, 4)",3.8000000000000003,5
"(5, 3, 4, 4, 5)",3.8000000000000003,5
"(4, 5, 5, 4, 3)",3.8000000000000003,5
"(4, 3, 5, 5, 4)",3.8000000000000003,5
"(4, 5, 4, 3, 5)",3.8000000000000003,5
"(4, 3, 5, 4, 5)",3.8000000000000003,5
"(3, 4, 4, 5, 5)",3.8000000000000003,5
"(4, 3, 4, 5, 5)",3.8000000000000003,5
"(5, 5, 4, 5, 3)",3.95,5
"(5, 5, 5, 4, 3)",3.95,5
"(3, 5, 4, 5, 5)",3.95,5
"(5, 5, 4, 3, 5)",3.95,5
"(4, 5, 5, 3, 5)",3.95,5
"(4, 5, 5, 5, 3)",3.95,5
"(3, 5, 5, 4, 5)",3.95,5
"(3, 5, 5, 5, 4)",3.95,5
"(5, 4, 3, 5, 5)",3.95,5
"(5, 5, 3, 5, 4)",3.95,5
"(3, 4, 5, 5, 5)",3.95,5
"(4, 3, 5, 5, 5)",3.95,5
"(4, 5, 3, 5, 5)",3.95,5
"(5, 5, 5, 3, 4)",3.95,5
"(5, 3, 5, 4, 5)",3.95,5
"(5, 4, 5, 5, 3)",3.95,5
"(5, 3, 5, 5, 4)",3.95,5
"(5, 4, 5, 3, 5)",3.95,5
"(5, 5, 3, 4, 5)",3.95,5
"(5, 3, 4, 5, 5)",3.95,5
"(4, 4, 4, 4, 4)",4.0,5
"(5, 4, 4, 4, 4)",4.08,5
"(4, 4, 4, 5, 4)",4.08,5
"(4, 5, 4, 4, 4)",4.08,5
"(4, 4, 5, 4, 4)",4.08,5
"(4, 4, 4, 4, 5)",4.08,5
"(5, 4, 4, 4, 5)",4.2,5
"(5, 5, 5, 5, 3)",4.2,5
"(4, 5, 5, 4, 4)",4.2,5
"(3, 5, 5, 5, 5)",4.2,5
"(5, 5, 3, 5, 5)",4.2,5
"(4, 4, 5, 5, 4)",4.2,5
"(4, 5, 4, 5, 4)",4.2,5
"(4, 4, 5, 4, 5)",4.2,5
"(5, 5, 5, 3, 5)",4.2,5
"(5, 4, 4, 5, 4)",4.2,5
"(5, 4, 5, 4, 4)",4.2,5
"(4, 5, 4, 4, 5)",4.2,5
"(4, 4, 4, 5, 5)",4.2,5
"(5, 3, 5, 5, 5)",4.2,5
"(5, 5, 4, 4, 4)",4.2,5
"(5, 5, 5, 4, 4)",4.35,5
"(4, 5, 5, 5, 4)",4.35,5
"(5, 5, 4, 5, 4)",4.35,5
"(5, 5, 4, 4, 5)",4.35,5
"(5, 4, 5, 5, 4)",4.35,5
"(5, 4, 5, 4, 5)",4.35,5
"(5, 4, 4, 5, 5)",4.35,5
"(4, 4, 5, 5, 5)",4.35,5
"(4, 5, 4, 5, 5)",4.35,5
"(4, 5, 5, 4, 5)",4.35,5
"(5, 4, 5, 5, 5)",4.6,5
"(5, 5, 5, 5, 4)",4.6,5
"(4, 5, 5, 5, 5)",4.6,5
"(5, 5, 5, 4, 5)",4.6,5
"(5, 5, 4, 5, 5)",4.6,5
"(5, 5, 5, 5, 5)",5.0,5
